ident,city,lat,long
DK_0DKAAB,Aabenraa,55.0446228,9.4209667
DK_0DKAAL,Aalborg,57.0462626,9.9215263
DK_0DKROR,Aalborg Portland (Cementfabrikken Rordal),NA,NA
UK_1GBABD,Aberdeen,57.1482429,-2.0928095
EL_0GRACL,Achladi,NA,NA
EL_0GRMLO,Adamas Milou,NA,NA
NO_0NOAAF,Åfjord,NA,NA
ES_2ESAGA,Agaete,28.1008499,-15.7023479
EL_0GRAGN,Agathonisi Dodekanisou,NA,NA
DK_0DKAGO,Agersø,NA,NA
DK_0DKAGH,Agger Havn,NA,NA
DK_0DKASH,Aggersund Havn,NA,NA
EL_0GRAEF,Agia Efimia,NA,NA
EL_0GR701,Agia Galini Rethimnou,NA,NA
EL_0GRAKM,Agia Kyriaki (Trikeri) Magnisias,NA,NA
EL_0GRAMR,Agia Marina Aiginas,NA,NA
EL_0GRGMA,Agia Marina Attikis,NA,NA
EL_0GRAGM,Agia Marina Fthiotidas,NA,NA
EL_0GRAPE,Agia Pelagia,NA,NA
EL_0GRROU,Agia Roumeli Chanion,NA,NA
EL_0GRAGT,Agioi Theodoroi,35.5361496,23.93081682295668
EL_0GRAGK,Agiokampos Larisas,NA,NA
EL_0GRAGO,Agios Efstratios Lesvou,NA,NA
EL_0GRAKI,Agios Kirykos,NA,NA
EL_0GRAKO,Agios Konstantinos,NA,NA
EL_0GRAGF,Agios Nikolaos Fokidas,NA,NA
EL_0GRANI,Agios Nikolaos Kritis,NA,NA
EL_0GRAGG,Agkistri Aiginas,NA,NA
NO_0NOAFT,Agnefest,NA,NA
EL_0GRAGA,Agria Volou,NA,NA
SE_1SEAHU,Åhus,55.9235165,14.2955222
EL_0GREDI,Aidipsos,NA,NA
EL_0GRAIG,Aigiali Amorgou,NA,NA
EL_0GRAEG,Aigina,37.72436935,23.493810921233717
EL_0GRAEN,Aigio,NA,NA
FR_2FRAJA,Ajaccio,NA,NA
IS_0ISAKR,Akranes,NA,NA
EL_0GRAKT,Aktio Vonitsas,NA,NA
IS_0ISAKU,Akureyri,NA,NA
SE_1SEALA,Ala,NA,NA
TR_2TRALA,Alanya,NA,NA
NL_0NLABL,Alblasserdam,NA,NA
ES_2ESACA,Alcanar,NA,NA
NO_0NOAES,Ålesund,62.76712545,6.168828066313526
EL_0GRAXD,Alexandroupolis,NA,NA
ES_2ESALG,Algeciras,36.1311725,-5.4473991
IT_0ITAHO,Alghero,NA,NA
TR_2TRALI,Aliaga,NA,NA
ES_2ESALC,Alicante,38.353738,-0.4901846
IT_0ITALI,Alicudi,NA,NA
EL_0GRLVR,Aliverio,NA,NA
ES_2ESLEI,Almería,36.8414197,-2.4628135
EL_0GR886,Almyropotamos Evvoias,NA,NA
EL_0GRALO,Alonnisos,NA,NA
NO_0NOALF,Alta,NA,NA
SE_2SEALN,Älvenäs,NA,NA
SE_2SEAMA,Åmål,58.983838,12.6126708
IT_0ITAMA,Amalfi,NA,NA
EL_0GRAPL,Amaliapolis Magnisias,NA,NA
TR_1TRAMA,Amasra,NA,NA
TR_2TRAMB,Ambarli,NA,NA
NL_0NLAML,Ameland,NA,NA
EL_0GRAMF,Amfilochia,NA,NA
EL_0GRAMI,Ammouliani,NA,NA
EL_0GRAMO,Amorgos (Katapola),NA,NA
DE_1DEIAM,Amrum,54.6601796,8.328274983040426
NL_0NLAMS,Amsterdam,52.3727598,4.8936041
EL_0GRANA,"Anafi, Kyklades",NA,NA
TR_2TRANA,Anamur,NA,NA
IT_0ITAOI,Ancona,43.6170137,13.5170982
DE_3DEAND,Andernach,NA,NA
EL_0GRAND,Andros,NA,NA
NO_0NOADY,Andøy,NA,NA
PT_0PTADH,"Angra do Heroísmo (Ilha Terceira, Açores)",NA,NA
DK_0DKANH,Anholt,NA,NA
DE_2DEANK,Anklam,NA,NA
TR_2TRAYT,Antalya,NA,NA
EL_0GRATK,Antikyra,38.3777739,22.6320058
EL_0GRANP,Antiparos,NA,NA
EL_0GRANT,Antirrio,38.331031,21.7629194
BE_0BEANR,Antwerpen,51.2211097,4.3997081
IT_0ITANZ,Anzio,NA,NA
UK_1GBAPP,Appledore,NA,NA
EL_0GRARX,Araxos,NA,NA
IT_0ITATX,Arbatax,NA,NA
NO_0NOAAN,Årdal,NA,NA
UK_1GBASG,Ardrishaig,NA,NA
NO_0NOARE,Arendal,NA,NA
EL_0GRARM,Argostoli,NA,NA
DK_0DKAAR,Århus,56.1496278,10.2134046
EL_0GRARD,Arkioi Dodekanisou,NA,NA
EL_0GRARK,Arkitsa Fthiotidas,NA,NA
IE_0IEARK,Arklow,NA,NA
IS_0ISASS,Árskógssandur,NA,NA
DK_0DKARO,Årø,NA,NA
DK_0DKARD,Årøsund,NA,NA
NO_0NOASL,Askvoll,NA,NA
DK_0DKASK,Askø,NA,NA
DK_0DKAIT,Asnæs Inter Terminal,NA,NA
DK_0DKASV,Asnæsværkets Havn,NA,NA
EL_0GRASS,Aspropyrgos,38.0586212,23.5892278
DK_0DKASN,Assens,NA,NA
EL_0GRAST,Astakos,NA,NA
EL_0GRARS,Astros Arkadias,NA,NA
EL_0GRJTY,Astypalaia,NA,NA
IT_0ITAUG,Augusta,33.4709714,-81.9748429
DK_0DKAUB,Augustenborg,NA,NA
NO_0NOAUL,Aurland,NA,NA
NO_0NOASV,Austevoll,NA,NA
DK_0DKAVE,Avedøreværkets Havn,NA,NA
PT_0PTAVE,Aveiro,40.640496,-8.6537841
DK_0DKAVK,Avernakø/Lyø,NA,NA
ES_1ESAVS,Avilés,43.5554436,-5.9222466
UK_1GBAYR,Ayr,NA,NA
TR_2TRAYV,Ayvalik,NA,NA
DK_0DKBAG,Bagenkop,NA,NA
IT_0ITBLN,Bagnoli,NA,NA
DK_0DKBGO,Bågø,NA,NA
IT_0ITBAI,Baia,NA,NA
HR_0HRBAK,Bakar,45.3071461,14.5342673
IS_0ISBAK,Bakkafjörður,NA,NA
NO_0NOBLL,Ballangen,NA,NA
DK_0DKBLB,Ballebro,NA,NA
SE_1SEBLV,Bällstaviken,NA,NA
UK_1GBBLR,Ballylumford,NA,NA
SE_1SEBAA,Bålsta,NA,NA
DE_1DEBMR,Baltrum,53.7283495,7.399479964095553
DK_0DKBDX,Bandholm (Maribo),NA,NA
TR_2TRBDM,Bandirma,NA,NA
IE_0IEBYT,Bantry Bay,-33.9281512,18.3789695
ME_0MEBAR,Bar,48.4088704,7.4492808
ES_2ESBBE,Barbate,NA,NA
ES_2ESBCN,Barcelona,41.3828939,2.1774322
IT_0ITBRI,Bari,41.1257843,16.8620293
IT_0ITBLT,Barletta,41.3214976,16.2868696
UK_1GBBND,Barnstaple,NA,NA
UK_1GBCBA,Barra Castlebay,NA,NA
UK_1GBBIF,Barrow-In-Furness,NA,NA
UK_1GBBAD,Barry,NA,NA
DK_0DKBAR,Barso,NA,NA
DK_0DKBSL,Barso Landing,NA,NA
TR_1TRBTN,Bartin,NA,NA
RO_0ROBAB,Basarabi,NA,NA
HR_0HRBAS,Baska,NA,NA
FR_2FRBIA,Bastia,42.7065505,9.452542
NO_0NOBJF,Båtsfjord,NA,NA
FR_1FRBAY,Bayonne,43.4933379,-1.475099
NO_0NOBEJ,Beiarn,NA,NA
DE_1DEBEI,Beidenfleth,NA,NA
UK_1GBBEL,Belfast,54.5964411,-5.9302761
BE,Belgium,NA,NA
BE_0BE002,Belgium - other inland ports (other than Zeekanaal Brussel-Schelde ports),NA,NA
BE_0BE888,Belgium - other ports,NA,NA
DE_3DEBDF,Bendorf/Rhein,NA,NA
DE_1DEBEN,Bensersiel,NA,NA
NL_0NLBGB,Bergambacht,NA,NA
NO_0NOBGO,Bergen,60.3943055,5.3259192
NL_0NLBZM,Bergen op Zoom,NA,NA
SE_1SEBEA,Bergkvara,NA,NA
NO_0NOBGN,Bergneset,NA,NA
SE_1SEBER,Bergs Oljehamn,NA,NA
NO_0NOBVG,Berlevåg,NA,NA
DE_3DEBER,Berlin,NA,NA
ES_1ESBRM,Bermeo,43.4194242,-2.7231562
DE_2DEBOF,Berndshof,53.7335668,14.0964302
UK_1GBBWK,Berwick-On-Tweed,NA,NA
NL_0NLBEV,Beverwijk,NA,NA
UK_1GBBID,Bideford,NA,NA
ES_1ESBIO,Bilbao,43.2630018,-2.9350039
IS_0ISBIL,Bíldudalur,NA,NA
HR_0HRBNM,Biograd na Moru,NA,NA
NO_0NOBJU,Bjugn/Lysøysund/Botngård,NA,NA
IS_0ISBLO,Blönduós,NA,NA
UK_1GBBLY,Blyth,NA,NA
TR_2TRBXN,Bodrum,NA,NA
NO_0NOBOO,Bodø,67.2839476,14.3825834
NO_0NOOYB,Bogoy,NA,NA
DK_0DKBOG,Bogø,NA,NA
SE_2SEBOH,Bohus,NA,NA
HR_0HRBOL,Bol,NA,NA
SE_1SEBOL,Bollstabruk,NA,NA
IS_0ISBOL,Bolungarvík,NA,NA
FR_2FRBON,Bonifacio,NA,NA
FR_1FRBOD,Bordeaux,44.841225,-0.5800364
NO_0NOBRG,Borg,NA,NA
IS_0ISBGJ,Borgafjörður eystri,NA,NA
DE_1DEBMK,Borkum,53.585916850000004,6.691478815225876
NO_0NOBRR,Borre,NA,NA
NL_0NLBOR,Borsele,NA,NA
UK_1GBBOS,Boston,42.3602534,-71.0582912
TR_2TRBOT,Botas,NA,NA
DE_3DEBOT,Bottrop,NA,NA
FR_1FRBOL,Boulogne-sur-Mer,NA,NA
HR_0HRBZA,Bozava,NA,NA
TR_2TRBZC,Bozcaada,NA,NA
RO_0ROBRA,Braila,NA,NA
DE_1DEBKE,Brake,53.3256109,8.4806296
NL_0NLBRK,Brakel,NA,NA
DK_0DKBRH,Branden Havn,NA,NA
FI_0FIBRA,Brändö,NA,NA
DE_3DEBWE,Braunschweig,NA,NA
SE_1SEBVK,Braviken,NA,NA
IS_0ISBRE,Breiðdalsvík,NA,NA
NO_0NOBRE,Bremanger,NA,NA
DE_1DEBRE,Bremen,53.0758196,8.8071646
DE_1DEBRV,Bremerhaven,53.5522264,8.5865509
NL_0NLBRS,Breskens,NA,NA
FR_1FRBES,Brest,48.3905283,-4.4860088
UK_1GBBRW,Bridgwater,NA,NA
UK_1GBBLS,Brightlingsea,NA,NA
IT_0ITBDS,Brindisi,40.6395295,17.945526
UK_1GBBRS,Bristol,51.4538022,-2.5972985
IS_0ISBRJ,Brjánslækur,NA,NA
SE_2SEBRO,Brofjorden,NA,NA
NO_0NOBNN,Bronnoysund,65.4737042,12.2111915
DE_1DEBRB,Brunsbüttel,53.8972549,9.1395423
BE_0BEBRU,Bruxelles (Brussel),NA,NA
NO_0NOBRO,Brønnøy,NA,NA
UK_1GBBUC,Buckie,NA,NA
BG,Bulgaria,NA,NA
BG_0BGBOJ,Burgas,42.343926,-3.696977
UK_1GBBUH,Burghead,NA,NA
DE_2DEBSK,Burgstaaken/Fehmarn,NA,NA
UK_1GBBPT,Burry port,NA,NA
DE_1DEBUM,Büsum,54.1298489,8.8586989
LT_0LTBOT,Butinge,56.0661815,21.109286
DE_1DEBUZ,Bützfleth,53.6513059,9.4821438
SE_1SEBYX,Byxelkrok,NA,NA
NO_0NOBAR,Bærum/Sandvika/Lysaker,NA,NA
NO_0NOBOX,Bø,NA,NA
DK_0DKBOS,Bøjden,NA,NA
ES_2ESCAD,Cádiz,36.5297438,-6.2928976
FR_1FRCFR,Caen,49.1810037,-0.3698915
IT_0ITCAG,Cagliari,39.2169525,9.1128513
UK_1GBCYN,Cairnryan,54.9738045,-5.0250851
PT_0PTCDP,"Cais do Pico (Ilha do Pico, Açores)",NA,NA
FR_1FRCQF,Calais,50.9488,1.87468
IT_0ITCLS,Calasetta,NA,NA
FR_2FRCLY,Calvi,NA,NA
FR_1FRCAM,Camaret,NA,NA
TR_2TRCKZ,Canakkale,NA,NA
PT_0PTCNL,Caniçal,32.7391038,-16.739309
FR_2FRCEQ,Cannes,NA,NA
NL_0NLCPI,Capelle aan den Ijssel,NA,NA
IT_0ITCPA,Capraia,NA,NA
IT_0ITPRJ,Capri,NA,NA
UK_1GBCDF,Cardiff,51.4816546,-3.1791934
IT_0ITCLF,Carloforte,NA,NA
DE_1DECAR,Carolinensiel,NA,NA
ES_2ESCAR,Cartagena,37.6267868,-1.0006184
FR_1FRCRT,Carteret,NA,NA
IT_0ITCML,Casamicciola,NA,NA
IT_0ITCTR,Castellammare del Golfo,NA,NA
IT_0ITCAS,Castellammare di Stabia,NA,NA
ES_2ESCAS,Castellón,NA,NA
IE_0IECTB,Castletownbere (Castletown Bearhaven),NA,NA
DE_3DECRL,Castrop-Rauxel,NA,NA
IT_0ITCTA,Catania,37.5022355,15.08738
IT_0ITCVX,Cavo,NA,NA
HR_0HRCVT,Cavtat,NA,NA
FR_3GFCAY,Cayenne,NA,NA
DK_0DKDAN,Cementfabrikken Danias Havn,NA,NA
DK_0DKKON,Cementfabrikken Kongsdal Havn,NA,NA
RO_0ROCEV,Cernavoda,NA,NA
TR_2TRCES,Cesme,NA,NA
ES_3ESCEU,Ceuta,35.888361,-5.304138
EL_0GRHAL,Chalki Dodekanisou,NA,NA
EL_0GRCLK,Chalkida,NA,NA
EL_0GRCHQ,Chania,NA,NA
UK_1GBCHF,Charlestown,NA,NA
FR_1FRCER,Cherbourg,NA,NA
UK_1GBCST,Chichester,NA,NA
IT_0ITCHI,Chioggia,45.218894,12.2785805
EL_0GRJKH,Chios,NA,NA
EL_0GRCSF,Chora Sfakion,NA,NA
DK_0DKCSO,Christiansø Havn,NA,NA
MT_0MTCKW,Cirkewwa,NA,NA
IT_0ITCVV,Civitavecchia,42.0937524,11.7922462
UK_1GBCYP,Clydeport,NA,NA
UK_1GBCOL,Colchester,NA,NA
UK_1GBCLR,Coleraine,NA,NA
FR_1FRCOC,Concarneau,NA,NA
RO_0ROCND,Constanta,44.1767161,28.6507598
IT_0ITCGC,Corigliano Calabro,NA,NA
IE_0IEORK,Cork,51.898627,-8.4705942
UK_1GBCOR,Corpach,NA,NA
ES_2ESQFU,Corralejo,28.7307235,-13.8651907
UK_1GBCOW,Cowes (Isle of Wight),NA,NA
UK_1GBCNU,Craignure,NA,NA
HR_0HRCRS,Cres,NA,NA
HR_0HRCRA,Crikvenica,NA,NA
HR,Croatia,NA,NA
UK_1GBCRN,Cromarty Firth,NA,NA
IT_0ITCRV,Crotone,NA,NA
NL_0NLCUY,Cuijk,NA,NA
DE_1DECUX,Cuxhaven,53.86878,8.698286
CY,Cyprus,NA,NA
EL_0GRDAF,Dafni Agiou Orous,NA,NA
DE_1DEDAG,Dagebüll,54.7306651,8.7130636
IS_0ISDAL,Dalvík,NA,NA
DK_0DKDAS,Dansk Salts Havn,NA,NA
PL_0PLDAR,Darlowo,NA,NA
UK_1GBDTM,Dartmouth,NA,NA
TR_2TRDAT,Datca,NA,NA
UK_1GBDNQ,Dean Point Quarry,NA,NA
SE_1SEDEG,Degerhamn,NA,NA
CY_0CYDHK,Dekeleia,NA,NA
NL_0NLDZL,Delfzijl,53.3325644,6.9135144
DE_2DEDMN,Demmin,NA,NA
NL_0NLDHR,Den Helder,52.957976,4.760279
DK,Denmark,NA,NA
DK_0DK888,Denmark - other ports,NA,NA
NL_0NLDEV,Deventer,NA,NA
EL_0GRDIA,Diafani Karpathou,NA,NA
EL_0GRDIK,Diakofti Kythiron,NA,NA
FR_1FRDPE,Dieppe,49.9246182,1.0791444
TR_2TRDIK,"Dikili, Izmir",NA,NA
NL_0NLDIN,Dinteloord en Prinsenland,NA,NA
IS_0ISDJU,Djúpivogur,NA,NA
NL_0NLDOI,Doetinchem,NA,NA
NL_0NLDOK,Dokkum,NA,NA
SE_1SEDOM,Domsjö,NA,NA
EL_0GRDMB,Domvraina Voiotias,NA,NA
EL_0GRDON,"Donousa, Kyklades",NA,NA
NL_0NLDOR,Dordrecht,NA,NA
DE_3DEDON,Dorsten,NA,NA
DE_3DEDTM,Dortmund,NA,NA
FR_1FRDRZ,Douarnenez,NA,NA
UK_2IMDGS,Douglas (Isle of Man),NA,NA
PT_0PTOPO,Douro (Oporto),NA,NA
UK_1GBDVR,Dover,51.1251275,1.3134228
FI_0FIDRA,Dragsfjärd,NA,NA
DK_0DKDRA,Dragør,NA,NA
NO_0NODRM,Drammen,59.7436749,10.2043749
EL_0GRDPA,Drapetsona,NA,NA
EL_0GRDRE,Drepano Riou,NA,NA
IE_0IEDRO,Drogheda,53.7149877,-6.3524183
NL_0NLDRU,Druten,NA,NA
IE_0IEDUB,Dublin,53.3497645,-6.2602732
HR_0HRDBV,Dubrovnik,NA,NA
DE_3DEDUI,Duisburg,NA,NA
IE_0IEDLG,Dun Laoghaire,NA,NA
IE_0IEDDK,Dundalk,NA,NA
UK_1GBDUN,Dundee,56.4605938,-2.97019
FR_1FRDKK,Dunkerque,51.0347708,2.3772525
DE_3DEDUS,Düsseldorf,NA,NA
UK_1GB230,Dutch River Wharf,NA,NA
NO_0NODYL,Dyroyhamn,NA,NA
DK_0DKEBT,Ebeltoft,NA,NA
DE_2DEECK,Eckernförde,NA,NA
FI_0FIECK,Eckerö,NA,NA
TR_2TREDO,Edremit,NA,NA
IT_0IT003,Egadi,NA,NA
DK_0DKEGN,Egense,NA,NA
NO_0NOEGE,Egersund,58.4518952,5.9999963
NO_0NOEIL,Eidslandet,NA,NA
NO_0NOEGD,Eigersund,NA,NA
EL_0GRELN,Elafonisos Lakonias,NA,NA
PL_0PLELB,Elblag,NA,NA
EL_0GREEU,Elefsina,38.047608,23.5348663
EL_0GRELT,Eleftheres,NA,NA
SE_1SEELL,Elleholm,NA,NA
DE_1DEEME,Emden,53.3670541,7.2058304
DE_3DEESU,Emmelsum,NA,NA
DK_0DKEDL,Endelave,NA,NA
SE_1SEENK,Enköping,NA,NA
DK_0DKEIT,Ensted Inter Terminal,NA,NA
DK_0DKENS,Enstedværkets Havn,NA,NA
IT_0IT004,Eolie,NA,NA
TR_2TRERK,Erdek,NA,NA
TR_1TRERE,Eregli,NA,NA
EL_0GRERK,"Ereikousa, Diapontia nisia",NA,NA
EL_0GRERE,Eretria Evvoias,NA,NA
EL_0GRERM,Ermioni,NA,NA
DK_0DKEBJ,Esbjerg,55.4664892,8.4520751
DE_1DE76Y,Esens,53.6468107,7.6118499
IS_0ISESK,Eskifjörður,NA,NA
FI_0FIESP,Espoo,NA,NA
EE,Estonia,NA,NA
EE_0EE888,Estonia - other ports,NA,NA
NO_0NOETN,Etne,NA,NA
FI_0FIEJO,Eurajoki,NA,NA
EEA31,"European Economic Area (EU28 plus IS, LI, NO)",NA,NA
EU15,European Union - 15 countries (1995-2004),NA,NA
EU25,European Union - 25 countries (2004-2006),NA,NA
EU27_2007,European Union - 27 countries (2007-2013),NA,NA
EU27_2020,European Union - 27 countries (from 2020),NA,NA
EU28,European Union - 28 countries (2013-2020),NA,NA
EL_0GREYD,Evdilos,NA,NA
UK_1GBEXM,Exmouth,NA,NA
DK_0DKFAA,Fåborg Havn,NA,NA
SE_1SEFAK,Fagerviken,NA,NA
DK_0DKFAK,Fakse Ladeplads Havn,NA,NA
IT_0ITFAL,Falconara Marittima,43.6293969,13.3966763
SE_2SEFAG,Falkenberg,49.0487769,6.5958205
UK_1GBFAL,Falmouth,NA,NA
EL_0GRFNR,Faneromeni Salaminas,NA,NA
UK_1GBFHM,Fareham,NA,NA
FI_0FIFAR,Färjsund,NA,NA
PT_0PTFAO,Faro,62.19850045,-6.817412433412175
NO_0NOFAN,Farsund,NA,NA
IS_0ISFAS,Fáskrúðsfjörður,NA,NA
TR_1TRFAS,Fatsa,NA,NA
NO_0NOFAU,Fauske,NA,NA
IT_0ITFAV,Favignana,NA,NA
FR_1FRFEC,Fécamp,NA,NA
DK_0DKFGS,Feggesund,NA,NA
DK_0DKFEJ,Fejø,NA,NA
UK_1GBFXT,Felixstowe,51.9639098,1.3515106
DK_0DKFMO,Femø,NA,NA
ES_1ESFRO,Ferrol,43.4846862,-8.233162
TR_2TRFET,Fethiye,NA,NA
PT_0PTFDF,Figueira da Foz,40.1485808,-8.855655
IT_0ITFPO,Filicudi Porto,NA,NA
TR_2TRFIN,Finike,NA,NA
FI,Finland,NA,NA
FI_0FI001,Finland - other inland ports,NA,NA
FI_0FI888,Finland - other ports,NA,NA
UK_1GBFIS,Fishguard,51.9938353,-4.97681
NO_0NOFIS,Fiska,NA,NA
EL_0GRFIS,Fiskardo Kefallinias,NA,NA
IT_0ITFCO,Fiumicino,41.7675656,12.2339473
SE_2SEFJA,Fjällbacka,NA,NA
NO_0NOFKS,Flakstad,NA,NA
IS_0ISFLA,Flateyri,NA,NA
UK_1GBFLE,Fleetwood,NA,NA
NO_0NOFFD,Flekkefjord,NA,NA
DE_2DEFLF,Flensburg,54.7833021,9.4333264
DE_2DE117,Flensburger Förde - other ports,NA,NA
NO_0NOFRO,Florø/Flora,NA,NA
TR_2TRFOC,Foca,NA,NA
FI_0FIFOG,Föglö,NA,NA
DE_1DE017,Föhr,NA,NA
EL_0GRFOL,Folegandros Kyklades,NA,NA
UK_1GBFOL,Folkestone,NA,NA
FI_0FIFOR,Förby,NA,NA
IT_0ITFOM,Formia,NA,NA
SE_1SEFOR,Forsmark,NA,NA
FR_4MQFDF,Fort-de France (Martinique),NA,NA
UK_1GBFOR,Forth,55.765585,-3.6882358
UK_1GBFDK,Fosdyke,NA,NA
NO_0NOFSN,Fosnes,NA,NA
EL_0GRFOU,Fournoi Samou,NA,NA
UK_1GBFOY,Fowey,50.3357786,-4.6365952
IE_0IEFOV,Foynes,NA,NA
FR,France,NA,NA
FR_1FR888,France (Atlantic / North Sea) - other ports,NA,NA
FR_9FR888,France (unknown maritime coastal area) - other ports,NA,NA
FR_1,France: Atlantic / North Sea,NA,NA
FR_4,France: Guadeloupe and Martinique,NA,NA
FR_3,France: Guyane,NA,NA
FR_2,France: Mediterranean,NA,NA
FR_5,France: Réunion,NA,NA
FR_9,France: unspecified maritime coastal area,NA,NA
NL_0NLFRK,Franekeradeel,NA,NA
DE_3DEFRA,Frankfurt am Main,NA,NA
UK_1GBFRB,Fraserburgh,NA,NA
DK_0DKFRC,Fredericia (Og Shell-Havnen),NA,NA
DK_0DKFDH,Frederikshavn,57.4412134,10.5336225
DK_0DKFDS,Frederikssund Havn,NA,NA
DK_0DKSVV,Frederiskværk Havn (Frederiksværk Stålvalseværk),NA,NA
NO_0NOFRK,Fredrikstad,59.2133614,10.9361604
DE_1DEFRI,Friedrichstadt,NA,NA
EL_0GRSAT,Frikes Ithakis,NA,NA
PL_0PL011,Frombork,NA,NA
PL_0PLFBK,Frombork,NA,NA
PT_0PTFNC,Funchal (Madeira),NA,NA
DK_0DKFUH,Fur,NA,NA
NO_0NOFUS,Fusa,NA,NA
DK_0DKFYH,Fynshav,NA,NA
IT_0ITGAE,Gaeta,41.218312,13.56281
NO_0NOKAF,Gaivuotna - Kåfjord,NA,NA
EL_0GRGAL,Galatas Troizinias,NA,NA
RO_0ROGAL,Galati,45.4338215,28.0549395
IT_0ITGAL,Gallipoli,NA,NA
IE_0IEGWY,Galway,NA,NA
SE_1SEGAM,Gamleby,NA,NA
ES_2ESGAR,Garrucha,37.1853447,-1.8204711
UK_1GBGTN,Garston,NA,NA
IS_0ISGRD,Garður,NA,NA
EL_0GRGAD,Gavdos Chanion,NA,NA
SE_1SEGVX,Gävle,60.6750132,17.1467019
EL_0GRGAV,Gavrio,NA,NA
PL_0PLGDN,Gdansk,54.36143405,18.62821847557274
PL_0PLGDY,Gdynia,54.50383255,18.462806155884614
DK_0DKGED,Gedser,54.57613795,11.93221627251935
NL_0NLGTB,Geertruidenberg,NA,NA
IT_0ITGEA,Gela,37.0664363,14.2502445
TR_2TRGEL,Gelibolu,NA,NA
DE_3DEGEK,Gelsenkirchen,NA,NA
TR_2TRGEM,Gemlik,NA,NA
NL_0NLGNM,Genemuiden,NA,NA
NL_0NLGEN,Gennep,NA,NA
IT_0ITGOA,Genova,44.40726,8.9338624
BE_0BEGNE,Gent (Ghent),51.0538286,3.7250121
EL_0GR857,Gerakas Lakonias,NA,NA
EL_0GRYER,Gerakini,NA,NA
DE,Germany,NA,NA
DE_2DE88O,Germany (Baltic Sea) - other ports,NA,NA
DE_1DE116,Germany (Elbe) - other ports,NA,NA
DE_1DE88N,Germany (North Sea) - other ports,NA,NA
DE_9DE888,Germany (unknown maritime coastal area) - other ports,NA,NA
DE_3DE888,Germany - other inland ports,NA,NA
DE_2,Germany: Baltic Sea,NA,NA
DE_3,Germany: Inland,NA,NA
DE_1,Germany: North Sea,NA,NA
DE_9,Germany: unspecified maritime coastal area,NA,NA
TR_1TRGZE,Gerze,NA,NA
IT_0ITGII,Giannutri,NA,NA
IT_0ITGIA,Giardini di Naxos,NA,NA
DE_1DE118,Gieselaukanal and Eider - other ports,NA,NA
ES_1ESGIJ,Gijón,43.5450394,-5.6626443
UK_1GBILL,Gill's Bay Scotland,NA,NA
IT_0ITGIT,Gioia Tauro,38.423974,15.898995
TR_1TRGIR,Giresun,NA,NA
UK_1GBGIR,Girvan,NA,NA
UK_1GBGSA,Glensanda,NA,NA
EL_0GRGLO,Glossa Skopelou,NA,NA
DE_1DEGLU,Glückstadt,53.7913149,9.4267978
EL_0GRGLY,Glyfa Fthiotidas,NA,NA
TR_2TRGCK,Gocek,NA,NA
FI_0FIGDB,Godby,NA,NA
DE_3DEGDO,Godorf,NA,NA
NL_0NLGDR,Goerdereede,NA,NA
TR_2TRGCA,Gokceada,NA,NA
IT_0ITGAI,Golfo Aranci,NA,NA
UK_1GBGOO,Goole,53.7035625,-0.8715949
IT_0ITGOR,Gorgona,NA,NA
NL_0NLGOR,Gorinchem,NA,NA
SE_2SEGOA,Göta,NA,NA
SE_2SEGOT,Göteborg,57.7072326,11.9670171
IT_0ITGRD,Grado,NA,NA
SE_1SEGKV,Grankullavik,NA,NA
FR_1FRGFR,Granville,NA,NA
NO_0NOGRV,Granvin,NA,NA
DK_0DKGRA,Gråsten,NA,NA
FR_1FRGRV,Gravelines,NA,NA
UK_1GBGTY,Great Yarmouth,52.6072426,1.7310768
SE_2SEGRE,Grebbestad,NA,NA
EL,Greece,NA,NA
EL_0GR88Q,Greece (aggregates extraction areas) - other ports,NA,NA
EL_0GR88P,Greece (offshore installations) - other ports,NA,NA
EL_0GR888,Greece - other ports,NA,NA
IE_0IEGRN,Greenore,NA,NA
DE_2DEGRD,Greifswald,54.095791,13.3815238
DK_0DKGRE,Grenå,56.4134419,10.8793137
IS_0ISGRY,Grímsey,NA,NA
NO_0NOGTD,Grimstad,NA,NA
IS_0ISGRI,Grindavík,NA,NA
SE_1SEGRH,Grisslehamn,60.0981769,18.8058527
DE_1DEGXR,Gröde,54.6353936,8.724363353438491
NL_0NLGRQ,Groningen,NA,NA
IS_0ISGRF,Grundarfjörður,NA,NA
IS_0ISGRT,Grundartangi,NA,NA
SE_2SEGRU,Gruvön,NA,NA
NO_0NOGUL,Gulen,NA,NA
DK_0DKGFH,Gulfhavnen,NA,NA
TR_2TRGUL,Gulluk,NA,NA
SE_1SEGUN,Gunnebo,NA,NA
SE_1SEGUB,Gustavsberg,NA,NA
EL_0GRGYT,Gytheio,NA,NA
NO_0NOHAA,Hå,NA,NA
DK_0DKHAD,Haderslev,NA,NA
NO_0NOHAD,Hadsel,NA,NA
DK_0DKHSU,Hadsund,NA,NA
IS_0ISHAF,Hafnarfjörður,NA,NA
NO_0NOHAL,Halden,NA,NA
SE_1SEHAK,Hallstavik,NA,NA
SE_2SEHAD,Halmstad,56.6739826,12.8574827
DK_0DKHAS,Hals,NA,NA
DE_1DEHAM,Hamburg,53.550341,10.000654
FI_0FIHMN,Hamina,NA,NA
FI_0FI002,HaminaKotka,NA,NA
NO_0NOHFT,Hammerfest,70.6413392,23.8360800591327
DE_3DEHAU,Hanau,NA,NA
FI_0FIHKO,Hanko,59.8228008,22.9695005
DK_0DKHAN,Hanstholm,NA,NA
NL_0NLHAN,Hansweert,NA,NA
DK_0DKHDH,Hardeshøj,NA,NA
NL_0NLHRX,Hardinxveld-Giessendam,NA,NA
NO_0NOHRI,Hareid,NA,NA
DE_1DEHRN,Haren/Ems,NA,NA
SE_1SEHAN,Hargshamn,60.1677683,18.4849255
NL_0NLHAR,Harlingen,26.1908241,-97.6959794
SE_1SEHND,Härnösand,NA,NA
NO_0NOHRD,Harstad,68.92973835000001,16.520913478350344
UK_1GBHRW,Harwich,51.9445801,1.2898522
DK_0DKHSL,Hasle,NA,NA
NL_0NLHAS,Hasselt,NA,NA
NO_0NOHAU,Haugesund,59.4154805,5.2636464
DK_0DKHNB,Havneby,NA,NA
DK_0DKHVN,Havnsø,NA,NA
DE_2DEHHF,Heiligenhafen,54.3717445,10.9809235
PL_0PLHEL,Hel,NA,NA
DE_1DEHGL,Helgoland,54.18004525,7.885362101180695
SE_1SEHEL,Helsingborg,56.0441984,12.7040684
DK_0DKHLS,Helsingør (Elsinore),56.0345277,12.6136135
FI_0FIHEL,Helsinki,60.1674881,24.9427473
EE_0EEHLT,Heltermaa,NA,NA
NL_0NLHIA,Hendrik-Ido-Ambacht,NA,NA
NL_0NLHGL,Hengelo,NA,NA
FR_1FRHET,Hennebont,NA,NA
UK_1GBHYM,Heysham,54.0494955,-2.890311
DE_3DEHIL,Hildesheim,NA,NA
DK_0DKHIR,Hirtshals,57.5908031,9.9649737
DK_0DKHBO,Hobro,NA,NA
DE_1DEHOD,Hochdonn,NA,NA
IS_0ISHFN,Höfn Hornafjörður,NA,NA
IS_0ISHOF,Hofsós,NA,NA
SE_2SEHOG,Höganäs,NA,NA
DE_1DEHHS,Hohenhörn,NA,NA
DK_0DKHBK,Holbæk,NA,NA
IS_0ISHVK,Hólmavík,NA,NA
NO_0NOHOL,Holmestrand,NA,NA
UK_1GBHLY,Holyhead,53.3106715,-4.6330966
FR_1FRHON,Honfleur,NA,NA
NO_0NOHVG,Honningsvåg,NA,NA
SE_2SEHON,Hönsäter,NA,NA
NL_0NLHTN,Hontenisse,NA,NA
DE_1DEHOO,Hooksiel,NA,NA
TR_1TRHOP,Hopa,NA,NA
DE_1DEHRM,Hörnum/Sylt,NA,NA
DK_0DKHOR,Horsens,NA,NA
PT_0PTHOR,"Horta (Ilha das Faial, Açores)",NA,NA
NO_0NOHOR,Horten,NA,NA
DK_0DKHOH,Hou Havn,NA,NA
FI_0FIHOU,Houtskär,NA,NA
IS_0ISHRI,Hrísey,NA,NA
SE_1SEHUV,Hudiksvall,NA,NA
ES_2ESHUV,Huelva,37.2575874,-6.9484945
UK_1GBHWZ,Hugh Town,NA,NA
UK_1GBHUL,Hull,53.7435722,-0.3394758
DK_0DKHUN,Hundested,NA,NA
SE_2SEHUN,Hunnebostrand,NA,NA
IS_0ISHUS,Húsavík,NA,NA
NO_0NOHUS,Husnes,NA,NA
DE_1DEHUS,Husum,54.4853638,9.0538156
SE_1SEHUS,Husum,54.4853638,9.0538156
IS_0ISHVR,Hvalfjørdur-Litlisandur,NA,NA
DK_0DKHVA,Hvalpsund,NA,NA
IS_0ISHVM,Hvammstangi,NA,NA
HR_0HRHVA,Hvar,NA,NA
NO_0NOHYR,Høyanger,NA,NA
DE_3DEIBB,Ibbenbüren,NA,NA
NO_0NOIBE,Ibestad,NA,NA
IS,Iceland,NA,NA
IS_0IS888,Iceland - other ports,NA,NA
EL_0GRIER,Ierapetra Lasithiou,NA,NA
EL_0GRIES,Ierissos Chalkidikis,NA,NA
SE_1SEIGG,Iggesund,61.6429635,17.0781216
TR_1TRIGN,Igneada,NA,NA
EL_0GRIGO,Igoumenitsa,39.5045294,20.2650921
UK_1GBIMM,Immingham,53.6159963,-0.2136727
IT_0ITIMP,Imperia,NA,NA
TR_1TRINE,Inebolu,NA,NA
FI_0FIINI,Iniö,NA,NA
FI_0FIINK,Inkoo,60.0466389,24.0054417
UK_1GBINK,Inverkeithing,NA,NA
UK_1GBINV,Inverness,NA,NA
EL_0GRIOS,Ios,NA,NA
UK_1GBIPS,Ipswich,52.0579495,1.1526345
EL_0GRHRK,"Irakleia, Kyklades",NA,NA
EL_0GRHER,Irakleio,40.7572526,23.0369864
IE,Ireland,NA,NA
IS_0ISISA,Ísafjörður,NA,NA
IT_0IT001,Ischia,NA,NA
TR_2TRISK,"Iskenderun, Hatay",NA,NA
FI_0FIISN,Isnäs,NA,NA
IT_0IT002,Isola d' Elba,NA,NA
IT_0ITIDG,Isola del Giglio,NA,NA
IT_0ITISS,Isola Santo Stefano,NA,NA
HR_0HRIST,Ist,NA,NA
TR_2TRIST,Istanbul,NA,NA
EL_0GRITM,Isthmia,NA,NA
IT,Italy,NA,NA
IT_0IT88Q,Italy (aggregates extraction areas) - other ports,NA,NA
IT_0IT88P,Italy (offshore installations) - other ports,NA,NA
IT_0IT88D,Italy - all ports (confidential data aggregated by Eurostat),NA,NA
IT_0IT888,Italy - other ports,NA,NA
EL_0GRITA,Itea,38.4334754,22.4239321
EL_0GRITH,Ithaki,NA,NA
DE_1DEITZ,Itzehoe,NA,NA
TR_2TRIZM,Izmir,NA,NA
TR_2TRIZT,Izmit,NA,NA
SI_0SIIZO,Izola,NA,NA
HR_0HRJAB,Jablanac,NA,NA
SE_1SEJAT,Jätterssön,NA,NA
HR_0HRJSA,Jelsa,NA,NA
NO_0NOJON,Jondal,NA,NA
DK_0DKJUE,Juelsminde Havn,NA,NA
DE_1DEJUI,Juist,53.6784483,6.9956079
SE_1SEKGG,Kagghamra,NA,NA
FI_0FIKJO,Kalajoki,NA,NA
EL_0GRKLX,Kalamata,NA,NA
EL_0GRKLD,Kalathos Rodou,NA,NA
SE_1SEKAX,Kalix,NA,NA
EL_0GR743,Kalloni Lesvou,NA,NA
SE_1SEKLR,Kalmar,56.6628826,16.3662382
SE_1SEKAL,Kalmarsand,NA,NA
EL_0GRKLS,Kaloi Limenes Rethymnou,NA,NA
DK_0DKKAL,Kalundborg,55.6833793,11.0993619
EL_0GRKMI,Kalymnos,NA,NA
EL_0GR745,Kameiros Rodou,NA,NA
NL_0NLKAM,Kampen,NA,NA
FI_0FIKNT,Kantvik,NA,NA
DE_2DEKAP,Kappeln,NA,NA
SE_1SEKPH,Kappelshamn,NA,NA
SE_1SEKPS,Kappelskär,NA,NA
EL_0GRKAP,Kapsali,NA,NA
TR_2TRKRB,Karabiga,NA,NA
HR_0HRKAB,Karlobag,NA,NA
EL_0GRKAR,Karlovasi,NA,NA
SE_1SEKXV,Karlsborg Axelvik,NA,NA
SE_1SEKAN,Karlshamn,56.1701723,14.8631279
SE_1SEKAA,Karlskrona,56.1621073,15.5866422
NO_0NOKAY,Karlsoy,NA,NA
SE_2SEKSD,Karlstad,59.3809146,13.5027631
NO_0NOKAS,Karmsund,NA,NA
EL_0GRAOK,Karpathos,NA,NA
EL_0GR854,Karra Chalkidikis,NA,NA
EL_0GRKST,Karystos,NA,NA
TR_2TRKAS,Kas,NA,NA
FI_0FIKAS,Kaskinen,62.3845858,21.2225761
EL_0GRKSJ,Kasos,NA,NA
EL_0GRKIS,Kasteli Kissamou,NA,NA
DK_0DKKTP,Kastrup,NA,NA
EL_0GRKAK,Katakolo,NA,NA
EL_0GRKVA,Kavala,40.9369224,24.4122766
EL_0GRKEA,Kea,NA,NA
EL_0GRKEF,Kefalos Kos,NA,NA
IS_0ISKEF,Keflavík,NA,NA
FI_0FIKEM,Kemi,65.7333404,24.5666495
FI_0FIKIM,Kemiö,NA,NA
EL_0GRKER,Keramoti,40.8590549,24.7037857
EL_0GRKTS,Keratsini,NA,NA
EL_0GRCFU,Kerkyra,NA,NA
DK_0DKKTD,Kerteminde,NA,NA
EL_0GRKIO,Kiato,NA,NA
DE_2DEKEL,Kiel,54.3227085,10.135555
IE_0IEKBS,Killybegs,NA,NA
UK_1GBKLR,Kilroot,NA,NA
UK_1GBKPS,Kilroot Power Station Jetty,NA,NA
IE_0IEKLR,Kilrush,NA,NA
EL_0GRKMS,Kimolos,NA,NA
UK_1GBKLN,King's Lynn,NA,NA
IE_0IEKLN,Kinsale,NA,NA
NO_0NOKKN,Kirkenes,69.7271478,30.0448971
UK_1GBKWL,Kirkwall,58.9816049,-2.960369
NO_0NONTY,Kjøpmannskjær/Nøtterøy,NA,NA
LT_0LTKLJ,Klaipeda,55.7127529,21.1350469
DK_0DKKLP,Kleppen,NA,NA
SE_1SEKLI,Klintehamn,57.3863942,18.2028447
EL_0GRKIN,"Koilas Ermionidas, Argolida",NA,NA
FI_0FIKKR,Kökar,NA,NA
FI_0FIKOK,Kokkola,63.8391421,23.1336845
DK_0DKKOK,Kolby Kås Havn,NA,NA
DK_0DKKOL,Kolding,55.4894999,9.47905
DE_3DECGN,Köln,NA,NA
PL_0PLKOL,Kolobrzeg,NA,NA
HR_0HRKMZ,Komiza,NA,NA
IS_0ISKOP,Kópasker,NA,NA
IS_0ISKOV,Kópavogur,NA,NA
SI_0SIKOP,Koper,11.0968195,-2.9290149
SE_1SEKOG,Köping,59.5137434,15.9970475
HR_0HRKOR,Korcula,NA,NA
EL_0GRKRT,Korinthos,NA,NA
FI_0FIKOR,Korpoo,NA,NA
DK_0DKKRR,Korsør,NA,NA
EL_0GR755,Korthio Androu,NA,NA
EL_0GRKGS,Kos,NA,NA
EL_0GRKEM,Kosta Ermionidas,NA,NA
FI_0FIKTK,Kotka,NA,NA
ME_0MEKOT,Kotor,NA,NA
EL_0GRKOF,"Koufonisi, Kyklades",NA,NA
FR_3GFQKR,Kourou (Guyane),NA,NA
FI_0FIKVH,Koverhar,NA,NA
DK_0DKKRA,Kragenæs,NA,NA
NO_0NOKRA,Kragerø,NA,NA
HR_0HRKRA,Kraljevica,NA,NA
DE_3DEKRE,Krefeld,NA,NA
NL_0NLKRP,Krimpen aan den Ijssel,NA,NA
NO_0NOKRS,Kristiansand S,58.14615,7.9957333
NO_0NOKSU,Kristiansund N/Grip,NA,NA
FI_0FIKRS,Kristinankaupunki,NA,NA
SE_2SEKHN,Kristinehamn,59.3113619,14.11176
HR_0HRKRK,Krk,NA,NA
PL_0PL012,Krynica Morska,NA,NA
PL_0PLKMR,Krynica Morska,NA,NA
SE_1SEKUB,Kubikenborg,NA,NA
EE_0EEKUI,Kuivastu,NA,NA
FI_0FIKUM,Kumlinge,NA,NA
EE_0EEKND,Kunda,25.758077999999998,81.57557198102174
SE_2SEKUN,Kungshamn,NA,NA
TR_2TRKUS,Kusadasi,NA,NA
NO_0NOKVM,Kvam,NA,NA
SE_1SEKVA,Kvarnholmen,NA,NA
NO_0NOKVD,Kvinesdal,58.51813075,6.9539610197038755
NO_0NOKVH,Kvinnherad,NA,NA
NO_0NOKVN,Kvænangen,NA,NA
EL_0GRKYL,Kylini,NA,NA
EL_0GRKYM,Kymasi,NA,NA
EL_0GRKIM,Kymi,NA,NA
DK_0DKKBY,Kyndbyværkets Havn,NA,NA
EL_0GRKYT,Kythnos,NA,NA
DK_0DKCPH,Københavns Havn,NA,NA
DK_0DKKOG,Køge,55.4565009,12.1818964
FR_2FRLCT,La Ciotat,NA,NA
ES_1ESLCG,La Coruña,43.3712091,-8.3958768
IT_0ITMDA,La Maddalena,NA,NA
FR_1FRLRH,La Rochelle,46.1591126,-1.1520434
IT_0ITSPE,La Spezia,44.107527250000004,9.79985421892292
DE_2DELAB,Laboe,NA,NA
EL_0GR862,Lagos,NA,NA
PT_0PTLAJ,"Lajes das Flores (Ilha das Flores, Açores)",NA,NA
EL_0GRLRS,Lakki Lerou,NA,NA
IT_0ITLMP,Lampedusa,NA,NA
UK_1GBLAN,Lancaster,NA,NA
FR_1FRLDN,Landerneau,NA,NA
SE_1SELAA,Landskrona,55.8698007,12.8296734
DE_1DELGO,Langeoog,53.7408705,7.485916907277579
FI_0FILAN,Langnäs,NA,NA
FR_1FRLAI,Lannion,NA,NA
NL_0NLLAN,Lanwersoog,NA,NA
FI_0FILAP,Lappohja,NA,NA
FR_3GFLVT,Larivot (Guyane),NA,NA
CY_0CYLCA,Larnaka,34.9236095,33.6236184
UK_1GBLAR,Larne,51.0406809,3.8599035400346695
NO_0NOLAR,Larvik,59.053173,10.027182
EL_0GRLRY,Larymna,38.5645411,23.285246
ES_2ESLPA,Las Palmas,28.128874,-15.4349448
HR_0HRLST,Lastovo,NA,NA
LV,Latvia,NA,NA
LV_0LV888,Latvia - other ports,NA,NA
DE_2DELAU,Lauterbach,NA,NA
EL_0GRLAV,Lavrio,44.1936977,8.2621388
FR_1FRLFR,Le Fret (Crozon),NA,NA
FR_1FRLGU,Le Guildo (Crehen),NA,NA
FR_1FRLEH,Le Havre,49.4938975,0.1079732
FR_1FRSBK,Le Legue (St Brieuc),NA,NA
FR_1FRLTR,Le Tréport,NA,NA
DE_1DELEE,Leer,53.2327625,7.4577265
NL_0NLLWR,Leeuwarden,NA,NA
EL_0GRLEV,Lefkada,NA,NA
EL_0GRLEF,Lefkadi,NA,NA
EL_0GRLFK,Lefkimmi,NA,NA
EL_0GRLIP,Leipsoi Dodekanisou,NA,NA
NO_0NOLEF,Leirfjord,NA,NA
PT_0PTLEI,Leixões,41.1864507,-8.6961588
NO_0NOLKA,Leka,NA,NA
CY_0CYLMS,Lemesos,34.6852901,33.0332657
DK_0DKLVG,Lemvig,NA,NA
EL_0GRLND,Leonidio,NA,NA
UK_1GBLER,Lerwick (Shetland Islands),NA,NA
FR_1FRLSO,Les Sables d'Olonne,NA,NA
IT_0ITLEV,Levanzo,NA,NA
FR_1FRLEZ,Lézardrieux,NA,NA
IT_0ITLIC,Licata,NA,NA
SE_2SELDK,Lidköping,58.5037196,13.1576427
BE_0BELGG,Liège,NA,NA
LV_0LVLPX,Liepaja,56.5048435,21.0070903
SE_2SELED,Lilla Edet,NA,NA
NO_0NOLIL,Lillesand,NA,NA
IE_0IELMK,Limerick,52.661252,-8.6301239
EL_0GRSKU,Linaria Skyrou,NA,NA
DE_3DELIG,Lingen,NA,NA
EL_0GRLIN,Linoperamata Irakleiou,NA,NA
IT_0ITLIU,Linosa,NA,NA
IT_0ITLIP,Lipari,NA,NA
PT_0PTLIS,Lisboa,38.7077507,-9.1365919
DE_1DELIS,List/Sylt,55.0177399,8.4359967
LT,Lithuania,NA,NA
UK_1GBLIT,Littlehampton,NA,NA
UK_1GBLIV,Liverpool,53.407154,-2.991665
IT_0ITLIV,Livorno,43.5507317,10.3091256
EL_0GRLIX,Lixouri,NA,NA
UK_1GBLDO,Llandudno,NA,NA
UK_1GBLLD,Llandulas,NA,NA
UK_1GB231,Loch Carnan,NA,NA
UK_1GBLRP,Loch Ryan Pt,NA,NA
UK_1GBLOL,Lochaline,NA,NA
NL_0NLLCH,Lochem,NA,NA
DK_0DKLOH,Lohals,NA,NA
DE_1DELOH,Lohesch,NA,NA
SE_1SELOM,Lomma,NA,NA
UK_1GBLON,London,51.5073219,-0.1276474
UK_1GBLDY,Londonderry,54.9978678,-7.3213056
NO_0NOLON,Lonevag,NA,NA
NO_0SJLYR,Longyearbyen,NA,NA
NO_0NOLOP,Loppa,NA,NA
FR_1FRLRT,Lorient,47.7477336,-3.3660907
EL_0GRLTR,Loutro Chanion,NA,NA
FI_0FILOV,Loviisa,NA,NA
UK_1GBLOW,Lowestoft,NA,NA
DE_2DELBC,Lübeck,53.866444,10.684738
DE_3DELBM,Lubmin,54.1318409,13.612798
SE_1SELUG,Lugnvik,NA,NA
SE_1SELLA,Luleå,65.5831187,22.1459535
DE_3DELLS,Lülsdorf,NA,NA
RO_0ROLUM,Luminita,NA,NA
DE_3DELUE,Lünen,NA,NA
NO_0NOLUS,Luster,NA,NA
FI_0FILUV,Luvia,NA,NA
NO_0NOLND,Lyngdal,NA,NA
NO_0NOLYN,Lyngen,NA,NA
DK_0DKLYO,Lyngs Odde Havn,NA,NA
SE_2SELYS,Lysekil,58.3965726,11.4196339
FR_2FRILR,L´Île Rousse,NA,NA
NO_0NOLOD,Lødingen,NA,NA
DK_0DKLGR,Løgstør,NA,NA
NL_0NLMSS,Maarssen,NA,NA
NL_0NLMSB,Maasbracht,NA,NA
NL_0NLMSL,Maassluis,NA,NA
NL_0NLMST,Maastricht,NA,NA
UK_1GBMCD,Macduff,NA,NA
PT_0PTMAD,"Madalena (Ilha do Pico, Açores)",NA,NA
DE_3DEMAG,Magdeburg,NA,NA
UK_1GBMGO,Magheramorne,NA,NA
HR_0HRMAK,Makarska,NA,NA
ES_2ESAGP,Málaga,36.7213028,-4.4216366
UK_1GBMAL,Maldon,NA,NA
HR_0HRLSZ,Mali Losinj,NA,NA
HR_0HRMAL,Malinska,NA,NA
SE_1SEMMA,Malmö,55.6052931,13.0001566
MT,Malta,NA,NA
NO_0NOMAY,Måløy,40.6744348,-94.4121811
UK_1GBMNC,Manchester,53.4794892,-2.2451148
NO_0NOMAN,Mandal,NA,NA
IT_0ITMFR,Manfredonia,NA,NA
RO_0ROMAG,Mangalia,NA,NA
DK_0DKMRB,Marbæk Havn,NA,NA
IT_0ITMMO,Marettimo,NA,NA
FI_0FIMHQ,Mariehamn,NA,NA
SE_2SEMAD,Mariestad,NA,NA
ES_1ESMPG,Marín-Pontevedra,NA,NA
IT_0ITMDC,Marina di Carrara,44.0376696,10.0455044
TR_2TRMRA,Marmara Adasi,NA,NA
EL_0GRMRM,Marmari,NA,NA
TR_2TRMRM,Marmaris,NA,NA
IT_0ITMRA,Marsala,NA,NA
MT_0MTMAR,Marsaxlokk,35.8417662,14.5448353
FR_2FRMRS,Marseille,43.2961743,5.3699525
DK_0DKMRS,Marstal,NA,NA
HR_0HRMAS,Maslenica,NA,NA
DK_0DKUNX,Masnedø Godningshavn (Uno-X Havn),NA,NA
DK_0DKMAS,Masnedøværkets Havn,NA,NA
NO_0NOMSY,Måsøy,NA,NA
EL_0GRMTR,"Mathraki, Diapontia nisia",NA,NA
IT_0ITMAZ,Mazara del Vallo,NA,NA
RO_0ROMED,Medgidia,NA,NA
UK_1GBMED,Medway,42.1417641,-71.3967256
NL_0NLMEW,Meerlo-Wansum,NA,NA
EL_0GRMGN,Meganisi,NA,NA
EL_0GRMGR,Megara,37.9952543,23.3417858
EL_0GRKAS,Megisti Kastelorizou,NA,NA
ES_4ESMLN,Melilla,35.292906,-2.9507198551536247
NO_0NOMEY,Meløy/Glomfjord/Ørnes,NA,NA
EL_0GRMEN,Menidi Aitoloakarnanias,NA,NA
NL_0NLMEP,Meppel,NA,NA
DE_3DEMEP,Meppen,NA,NA
FI_0FIMER,Merikarvia,NA,NA
TR_2TRMER,Mersin,NA,NA
LV_0LVMRX,Mersrags,NA,NA
IT_0ITMSN,Messina,38.1937571,15.5542082
EL_0GRMES,Messogaia,NA,NA
EL_0GRMEL,Messolongi,NA,NA
EL_0GRMHI,Mesta Chiou,NA,NA
EL_0GRMET,Methana,NA,NA
HR_0HRMET,Metkovic,NA,NA
MT_0MTMGZ,"Mgarr, Gozo",NA,NA
NL_0NLMID,Middelburg,NA,NA
DK_0DKMID,Middelfart,NA,NA
NL_0NLMIH,Middelharnis,NA,NA
RO_0ROMID,Midia,36.265344,2.766957
PL_0PLMID,Miedzyzdroje,NA,NA
EE_0EEMDR,Miiduranna,NA,NA
IT_0ITMLZ,Milazzo,38.2208049,15.2415129
UK_1GBMLF,Milford Haven,51.7117492,-5.0293161
HR_0HRMIL,Milna,NA,NA
DE_3DEMID,Minden,NA,NA
UK_1GBMIS,Mistley,NA,NA
NO_0NOMQN,Mo i Rana,66.3110969,14.1386991
NO_0NOMOD,Modalen,NA,NA
NL_0NLMOE,Moerdijk,51.66277225,4.525592262905145
NO_0NOMOL,Molde,62.7378836,7.1589568
IT_0ITMOL,Molfetta,NA,NA
EL_0GRMOL,Molyvos Lesvou,NA,NA
DK_0DKMOM,Mommark,NA,NA
EL_0GRMON,Monemvasia,NA,NA
IT_0ITMNF,Monfalcone,45.8049454,13.5330592
CY_0CYMOI,Moni,NA,NA
IT_0ITMNP,Monopoli,NA,NA
ME,Montenegro,NA,NA
UK_1GBMON,Montrose,NA,NA
SE_1SEMOR,Mörbylånga,NA,NA
FR_1FRMXN,Morlaix,NA,NA
ES_2ESMJB,Morro Jable,28.0501834,-14.3522311
FR_1FRMSG,Mortagne-sur-Gironde,NA,NA
HR_0HRMOD,Moscenicka Draga,NA,NA
NO_0NOMJF,Mosjøen,65.8376537,13.1943186
NO_0NOMSK,Moskenes,NA,NA
NO_0NOMSS,Moss,59.414667449999996,10.659657776223916
UK_1GBCHE,Mostyn,NA,NA
ES_2ESMOT,Motril,36.7450888,-3.5207655
EL_0GRMDR,Moudros Limnou,NA,NA
TR_2TRMUD,"Mudanya, Bursa",NA,NA
DE_3DEMUH,Mülheim an der Ruhr,NA,NA
HR_0HRMUR,Murter,NA,NA
EL_0GRJMK,Mykonos,NA,NA
EL_0GRMYR,Myrina,NA,NA
EL_0GRMJT,Mytilini,NA,NA
FI_0FINLI,Naantali,60.4688687,22.0291149
EL_0GRNAF,Nafplio,NA,NA
DK_0DKNAK,Nakskov,NA,NA
NO_0NOOSY,Namsos,NA,NA
FR_1FRNTE,Nantes Saint-Nazaire,NA,NA
IT_0ITNAP,Napoli,40.8359336,14.2487826
NO_0NONVK,Narvik,68.28988385,17.086538711321808
FI_0FINAU,Nauvo,NA,NA
EL_0GRJNX,Naxos,NA,NA
EL_0GRNMA,Nea Moudania Chalkidikis,NA,NA
EL_0GR795,Nea Psara Chiou,NA,NA
EL_0GRNST,Nea Styra,NA,NA
EL_0GRNEA,Neapoli Lakonias,NA,NA
UK_1GBNEA,Neath,NA,NA
DK_0DKNEX,Neksø,NA,NA
IS_0ISNES,Neskaupstaður,NA,NA
NO_0NONSN,Nesna,NA,NA
DE_1DENES,Nessmersiel,53.6712,7.35605
NL,Netherlands,NA,NA
NL_0NL888,Netherlands - other ports,NA,NA
DE_1DENHS,Neuharlingersiel,53.6992698,7.7035695
DE_3DENSS,Neuss,NA,NA
DE_2DENHO,Neustadt/Holstein,54.1029898,10.8186738
IE_0IENRS,New Ross,NA,NA
UK_1GBNHV,Newhaven,50.7945315,0.0483875
UK_1GBNPO,Newport (Isle of Wight),NA,NA
UK_1GBNPT,"Newport, Gwent",NA,NA
FR_2FRNCE,Nice,NA,NA
NL_0NLNLK,Nieuw-Lekkerland,NA,NA
BE_0BENIE,Nieuwpoort,NA,NA
NL_0NLNIJ,Nijmegen,NA,NA
EL_0GRNIS,Nissyros,NA,NA
SE_2SENOL,Nol (ports),NA,NA
DK_0DKNDB,"Nordby Havn, Fanø",NA,NA
DE_1DENOE,Norddeich,54.2176341,8.9001752
DE_1DENHA,Nordenham,53.4973636,8.4820227
DE_1DENRD,Norderney,53.7122885,7.235779477300251
NO_0NOEID,Nordfjordeid/Eid,NA,NA
DK_0DKVSV,Nordjyllandsværkets Havn,NA,NA
SE_1SENOG,Nordmaling,NA,NA
DE_1DENOR,Nordstrand,54.4873775,8.8652863
SE_1SENRK,Norrköping,58.5909124,16.1903511
SE_1SENOT,Norrsundet,NA,NA
SE_1SENOE,Norrtälje,NA,NA
NO,Norway,NA,NA
NO_0NO888,Norway - other ports,NA,NA
NO_0NO88N,Norway - other ports - northern,NA,NA
NO_0NO88S,Norway - other ports - southern,NA,NA
IS_0ISNOU,Norðurfjörður,NA,NA
HR_0HRNVL,Novalja,NA,NA
HR_0HRNVD,Novi Vinodolski,NA,NA
HR_0HRNVG,Novigrad,NA,NA
PL_0PLNWA,Nowe Warpno,NA,NA
DK_0DKNBG,Nyborg,NA,NA
EL_0GRNID,Nydri,NA,NA
DK_0DKNYF,Nykøbing Falster,NA,NA
DK_0DKNYM,Nykøbing Mors,NA,NA
SE_1SENYN,Nynäshamn (ports),NA,NA
DK_0DKNUD,Næssund,NA,NA
DK_0DKNVD,Næstved,NA,NA
DK_0DKNRS,Nørresundby,NA,NA
UK_1GBOBA,Oban,NA,NA
NO_0NOODD,Odda,NA,NA
DK_0DKODE,Odense,55.3997225,10.3852104
EL_0GRINO,Oinousses,NA,NA
NO_0NOOKF,Oksfjord,NA,NA
IS_0ISOLF,Ólafsfjörður,NA,NA
IS_0ISOLV,Ólafsvík,NA,NA
IT_0ITOLB,Olbia,40.9232659,9.5027442
DE_1DEOLO,Oldenburg,53.1389753,8.2146017
NO_0NOOLL,Olderdalen,NA,NA
HR_0HROMS,Omis,NA,NA
HR_0HROMI,Omisalj,45.2120215,14.5575259
DK_0DKOMO,Omø,NA,NA
IT_0ITONE,Oneglia,NA,NA
BE_0BEOST,Oostende (Ostend),NA,NA
NL_0NLOOS,Oosterhout,NA,NA
HR_0HROPA,Opatija,NA,NA
TR_1TRORD,Ordu,NA,NA
DK_0DKORE,"Orehoved, Falster",NA,NA
EL_0GRORE,Oreoi,NA,NA
IT_0ITQOS,Oristano,39.9059497,8.5916112
NO_0NOORK,Orkanger,NA,NA
SE_1SEOER,Örnsköldsvik,63.2888613,18.7160209
EL_0GRORO,Oropos,NA,NA
DE_3DEORS,Orsoy,NA,NA
DE_2DEORT,Orth/Fehmarn,NA,NA
IT_0ITOTN,Ortona,42.349643,14.403913
DK_0DKORO,Orø,NA,NA
NO_0NOOSN,Osen,NA,NA
SE_1SEOSK,Oskarshamn,57.2632811,16.4443478
NO_0NOOSL,Oslo,59.9133301,10.7389701
NL_0NLOSS,Oss,NA,NA
NO_0NOOST,Osterøy,NA,NA
SE_1SEOST,Östrand,NA,NA
EL_0GROTH,Othonoi,NA,NA
IT_0ITOTO,Otranto,NA,NA
SE_2SEOTT,Otterbäcken,58.9437903,14.0393895
NL_0NLOUG,Oud en Nieuw Gastel,NA,NA
NL_0NLOAI,Ouderkerk,NA,NA
FI_0FIOUL,Oulu,65.0118734,25.4716809
EL_0GROUR,Ouranoupoli Chalkidikis,NA,NA
SE_1SEOXE,Oxelösund (ports),NA,NA
UK_1GBPAD,Padstow,NA,NA
HR_0HRPAG,Pag,NA,NA
FR_1FRPAI,Paimpol,NA,NA
EL_0GRPAA,Palaia Psara Chiou,NA,NA
EL_0GRPSF,Palaiochora Sfakion,NA,NA
ES_2ESPAL,Palamós,41.8495354,3.1278785
IT_0ITPAU,Palau,NA,NA
EE_0EEPLN,Paldiski Põhjasadam,NA,NA
IT_0ITPMO,Palermo,38.1112268,13.3524434
ES_2ESPMI,Palma Mallorca,NA,NA
EL_0GRPAO,Paloukia Salaminas,NA,NA
IT_0ITPAN,Panarea,NA,NA
IT_0ITPNL,Pantelleria,NA,NA
DE_1DEPAP,Papenburg,53.0822606,7.3928398
NL_0NLPAP,Papendrecht,NA,NA
UK_1GBPAR,Par,NA,NA
FI_0FIPAR,Parainen,60.3054487,22.2996452
EL_0GRPAR,Parga,NA,NA
EE_0EEPRN,Pärnu,58.3835136,24.5081751
EL_0GRPAS,Paros,NA,NA
ES_1ESPAS,Pasajes,43.3239952,-1.9200587
EE_0EEPAR,Patareisadam,NA,NA
EL_0GRPMS,Patmos,NA,NA
EL_0GRGPA,Patra,38.246242,21.7350847
IS_0ISPAT,Patreksfjörður,NA,NA
EL_0GRPAX,Paxoi,NA,NA
TR_1TRPZR,Pazar,NA,NA
DE_3DEPEI,Peine,NA,NA
EL_0GRPIR,Peiraias,37.9431594,23.6470593
DE_1DEPEL,Pellworm,54.523297850000006,8.640880085168842
UK_1GBPEN,Penzance,NA,NA
EL_0GRPER,Perama,39.6932343,20.8466667
EL_0GRPGM,Perama Geras Mytilinis,NA,NA
FI_0FIPER,Pernaja,NA,NA
UK_1GBPER,Perth,NA,NA
IT_0ITPES,Pesaro,NA,NA
IT_0ITPSR,Pescara,NA,NA
IT_0ITPCH,Peschici,NA,NA
EL_0GRPSK,Pessada Kefallinias,NA,NA
UK_1GBPHD,Peterhead,57.5052909,-1.7813194
EL_0GRPET,Petra Lesvou,NA,NA
EL_0GR813,Petritis Kerkyras,NA,NA
EL_0GRPYV,Pevki Evvoias,NA,NA
IT_0ITPIA,Pianosa,NA,NA
FI_0FIPRS,Pietarsaari,63.6666709,22.7000229
IT_0ITPIO,Piombino,42.9231662,10.5268192
SI_0SIPIR,Piran,NA,NA
EL_0GRPIS,Pisaetos Ithakis,NA,NA
SE_1SEPIT,Piteå,65.3134764,21.4899394
EL_0GRPLG,Platygiali Aitoloakarnanias,NA,NA
ES_2ESQLY,Playa Blanca,28.87135375,-13.838292741516547
ES_2ESPPS,Playa Santiago,NA,NA
HR_0HRPLE,Ploce,43.0524293,17.4360676
EL_0GRPLM,Plomari Lesvou,NA,NA
UK_1GBPLY,Plymouth,50.3712659,-4.1425658
FI_0FIPOH,Pohjankuru,NA,NA
FR_4GPPTP,Pointe-à-Pitre (Guadeloupe),NA,NA
PL,Poland,NA,NA
PL_0PLPLC,Police,53.5486435,14.5657399
EL_0GRPLC,Polichnitos Lesvou,NA,NA
EL_0GRPTK,Politika,-5.40114,143.1262994
HR_0HRPMN,Pomena,NA,NA
PT_0PTPDL,"Ponta Delgada (Ilha de S. Miguel, Açores)",NA,NA
FR_1FRPOX,Pontrieux,NA,NA
IT_0ITPNZ,Ponza,NA,NA
UK_1GBPOO,Poole,50.7179472,-1.981521
HR_0HRPOR,Porec,NA,NA
FI_0FIPOR,Pori,61.4865542,21.7968951
EL_0GRPKE,Poros Kefallinias,NA,NA
EL_0GRPTR,Poros Troizinias,NA,NA
NO_0NOGVL,"Porsgrunn, Rafnes, Herøya, Brevik, Skien, Langesund, Voldsfjorden",NA,NA
UK_1GBPPE,Port Penrhyn,NA,NA
FR_5REPDG,Port Réunion (ex Pointe-des-Galets) (Réunion),NA,NA
UK_1GBPSB,Port Sutton Bridge,NA,NA
UK_1GBPTB,Port Talbot,51.5952119,-3.782199
FR_2FRPOV,Port Vendres,NA,NA
FR_1FRPRJ,Port-Joinville (Île d´Yeu),NA,NA
FR_2FRNOU,Port-la-Nouvelle,43.0203536,3.046461
UK_1GBPOH,Porthoustock England,NA,NA
IT_0ITPGL,Portiglioni,NA,NA
PT_0PTPRM,Portimão,NA,NA
UK_1GBPTL,Portland,NA,NA
IT_0ITPAZ,Porto Azzurro,NA,NA
IT_0ITPCE,Porto Cervo,NA,NA
EL_0GRPHE,Porto Cheli,NA,NA
IT_0ITPDI,Porto d'Ischia,NA,NA
IT_0ITPEM,Porto Empedocle,NA,NA
IT_0ITPFX,Porto Foxi,NA,NA
IT_0ITPGA,Porto Garibaldi,NA,NA
EL_0GRPTL,Porto Lagos,NA,NA
IT_0ITPFO,Porto Levante,NA,NA
IT_0ITPLI,Porto Lignano,NA,NA
IT_0ITPMZ,Porto Maurizio,NA,NA
IT_0ITPNG,Porto Nogaro,45.8160297,13.2187352
PT_0PTPXO,"Porto Santo (Ilha de Porto Santo, Madeira)",NA,NA
IT_0ITPSS,Porto Santo Stefano,NA,NA
IT_0ITPTO,Porto Torres,40.8344403,8.4031462
FR_2FRPVO,Porto Vecchio,NA,NA
IT_0ITPFE,Portoferraio,NA,NA
IT_0ITPTF,Portofino,NA,NA
IT_0ITPVE,Portovesme,39.1956756,8.4070355
UK_1GBPTR,Portrush,NA,NA
UK_1GBPME,Portsmouth,50.8036831,-1.075614
PT,Portugal,NA,NA
IT_0ITPOS,Positano,NA,NA
EL_0GRPOA,Potamos Antikythiron,NA,NA
IT_0ITPZL,Pozzallo,36.7263298,14.8463434
IT_0ITPOZ,Pozzuoli,NA,NA
PT_0PTPRG,"Praia da Graciosa (Ilha da Graciosa, Açores)",NA,NA
PT_0PTPRV,"Praia da Vitória (Ilha Terceira, Açores)",NA,NA
HR_0HRPRE,Preko,NA,NA
EL_0GRPVK,Preveza,NA,NA
HR_0HRPRI,Primosten,NA,NA
EL_0GRPPI,Prinos Thasou,NA,NA
IT_0ITPRO,Procida,NA,NA
FR_2FRPRP,Propriano,NA,NA
EL_0GRPSA,Psachna,NA,NA
HR_0HRPUY,Pula,NA,NA
HR_0HRPNT,Punat,NA,NA
DE_2DEPUB,Putbus,NA,NA
DE_2DEPUT,Puttgarden,54.4964975,11.2121117
EL_0GRPYL,Pylos,NA,NA
EL_0GRPYT,Pythagorio,NA,NA
FR_1FRUIP,Quimper,NA,NA
FI_0FIRAA,Raahe,64.6796865,24.4709175
NL_0NLRAA,Raamsdonk,NA,NA
HR_0HRRAB,Rab,NA,NA
HR_0HRRBC,Rabac,NA,NA
EL_0GRRAF,Rafina,NA,NA
UK_1GBRMG,Ramsgate,51.3334726,1.4196476
NO_0NORNA,Rana,NA,NA
DK_0DKRAN,Randers,56.4800019,10.0891444
HR_0HRRAS,Rasa,NA,NA
IS_0ISRAU,Raufarhöfn,NA,NA
FI_0FIRAU,Rauma,61.1289148,21.5039401
FI_0FIRTR,Rautaruukki,NA,NA
IT_0ITRAN,Ravenna,44.4161414,12.2017617
NL_0NLRAS,Ravenstein,NA,NA
DE_3DEREC,Recklinghausen,NA,NA
FR_1FRRDN,Redon,NA,NA
IT_0ITREG,Reggio di Calabria,38.1035389,15.6397556
NL_0NLREW,Reimerswaal,NA,NA
DE_2DEREN,Rendsburg,54.3046701,9.6645115
NL_0NLRNK,Renkum,NA,NA
EL_0GRRET,Rethymno,NA,NA
IS_0ISRHA,Reykhólar,NA,NA
IS_0ISREY,Reykjavík,NA,NA
IS_0ISRFJ,Reyðarfjörður,NA,NA
DE_3DERHB,Rheinberg-Ossenberg,NA,NA
NL_0NLRHE,Rhenen,NA,NA
NL_0NLRID,Ridderkerk,NA,NA
DE_3DERSA,Riesa,NA,NA
IS_0ISRIF,Rif,NA,NA
LV_0LVRIX,Riga,56.9493977,24.1051846
HR_0HRRJK,Rijeka,45.3271752,14.4412309
IT_0ITRMI,Rimini,NA,NA
EL_0GRRIO,Rio,-22.9110137,-43.2093727
IT_0ITRMA,Rio Marina,NA,NA
IT_0ITRPT,Riposto,NA,NA
NO_0NORIS,Risør,NA,NA
NO_0NORSH,Risøyhamn,NA,NA
UK_1GB221,River Hull & Humber,NA,NA
UK_1GB222,River Ouse,NA,NA
TR_1TRRIZ,Rize,NA,NA
FR_1FRRCO,Rochefort,NA,NA
UK_1GBRFD,Rochford,NA,NA
IT_0ITRGG,Rodi Garganico,NA,NA
EL_0GRRHO,Rodos,NA,NA
NL_0NLOMD,Roermond,NA,NA
HR_0HRRGC,Rogac,NA,NA
NO_0NOROG,Rognan,NA,NA
HR_0HRRGN,Rogoznica,NA,NA
EE_0EERHK,Rohuküla,NA,NA
LV_0LVROJ,Roja,NA,NA
RO,Romania,NA,NA
RO_0RO888,Romania - other ports,NA,NA
SE_1SERNH,Ronehamn,NA,NA
SE_1SERNB,Ronneby,NA,NA
FR_1FRROS,Roscoff,NA,NA
IE_0IEROS,Rosslare Harbour,52.2497333,-6.3401152
DE_2DERSK,Rostock,54.0924445,12.1286127
NL_0NLRTM,Rotterdam,51.9228958,4.4631727
FR_1FRURO,Rouen,49.4404591,1.0939658
HR_0HRROV,Rovinj,NA,NA
FR_1FRRYN,Royan,NA,NA
NL_0NLROZ,Rozenburg,NA,NA
DK_0DKRKB,Rudkøbing,NA,NA
DE_2DE055,Rügen (Östlich Stralsunder Fahrwasser),NA,NA
SE_1SERUV,Rundvik,NA,NA
FI_0FIRUO,Ruotsinpyhtää,NA,NA
UK_1GBRYE,Rye,NA,NA
FI_0FIRYM,Rymättylä,NA,NA
DK_0DKROD,Rødby,NA,NA
DK_0DKROF,Rødby (Færgehavn),NA,NA
DK_0DKRNN,Rønne,55.0994511,14.7060906
DK_0DKRRV,Rørvig,NA,NA
NL_0NLGRA,S-Gravendeel,NA,NA
NL_0NLHTB,S-Hertogenbosch,NA,NA
IT_0ITSDB,S. Benedetto del Tronto,NA,NA
DE_3DE75F,Sachsenhagen,NA,NA
SE_2SESAF,Säffle,NA,NA
DK_0DKSAX,Sakskøbing,NA,NA
LV_0LVSAL,Salacgriva,NA,NA
NO_0NOSAL,Salangen,NA,NA
IT_0ITSAL,Salerno,40.6803601,14.7594542
HR_0HRSAL,Sali,NA,NA
IT_0ITSLA,Salina,NA,NA
FI_0FISAL,Salo,NA,NA
NO_0NOSDL,Saltdal/Rognan,NA,NA
DE_3DESAR,Salzgitter,NA,NA
EL_0GRSMI,Sami,NA,NA
EL_0GRSAM,Samothraki,NA,NA
TR_1TRSSX,Samsun,NA,NA
ES_2ESSCR,San Carlos de la Rápita,NA,NA
NO_0NOSAX,Sand,NA,NA
NO_0NOTRF,Sandefjord,59.1300112,10.2255602
IS_0ISSAN,Sandgerði,NA,NA
NO_0NOSAS,Sandnes,NA,NA
NO_0NOSSJ,Sandnessjøen,NA,NA
IT_0ITSRE,Sanremo,NA,NA
IT_0ITSAT,Sant'Antioco,NA,NA
ES_2ESSCT,Santa Cruz de Tenerife,28.469648,-16.2540884
IT_0ITSML,Santa Margherita Ligure,NA,NA
IT_0ITSPA,Santa Panagia,NA,NA
IT_0ITSTE,Santa Teresa di Gallura,NA,NA
ES_1ESSDR,Santander,43.4620412,-3.8099719
IT_0ITSVC,Santo Vito Lo Capo,NA,NA
NL_0NLSVG,Sas van Gent,NA,NA
DE_2DESAS,Sassnitz,54.516728,13.644119
NO_0NOSAU,Sauda,59.70456595,6.462093764721425
IS_0ISSAU,Sauðárkrókur,NA,NA
IT_0ITSVN,Savona,44.3080251,8.4810315
NL_0NLSCE,Scheveningen,NA,NA
NL_0NLSCI,Schiedam,NA,NA
EL_0GRSHI,Schoinari Zakynthou,NA,NA
EL_0GRSHC,"Schoinousa, Kyklades",NA,NA
DE_1DEHMO,"Schwarzenhütten, Hemmoor",NA,NA
DE_3DESDT,Schwedt,NA,NA
UK_1GBSCR,Scrabster,NA,NA
UK_1GBSEA,Seaham,NA,NA
DE_3DESNE,Sehnde,NA,NA
DK_0DKSEO,Sejerø,NA,NA
HR_0HRSEN,Senj,NA,NA
EL_0GRSER,Serifos,NA,NA
FR_2FRSET,Sète,43.4014434,3.6959771
PT_0PTSET,Setúbal,38.524321,-8.8926172
ES_2ESSVQ,Sevilla,37.3886303,-5.9953403
IS_0ISSEY,Seyðisfjörður,NA,NA
UK_1GBSSS,Sharpness,NA,NA
UK_1GBSHO,Shoreham,40.9573208,-72.9076025
UK_1GBSHT,Shotton,NA,NA
HR_0HRSIB,Sibenik,NA,NA
EL_0GRKRE,Sifnos,NA,NA
IS_0ISSIG,Siglufjörður,NA,NA
EL_0GRSGR,Sigri Lesvou,NA,NA
EL_0GR835,Sikia Porto Rafti,NA,NA
EL_0GRSII,"Sikinos, Kyklades",NA,NA
HR_0HRSIL,Silba,NA,NA
TR_1TRSLE,Sile,NA,NA
TR_2TRSIL,Silivri,NA,NA
EE_0EESLM,Sillamäe,59.3938956,27.7662163
UK_1GBSIL,Silloth,NA,NA
HR_0HRSLO,Silo,NA,NA
SE_1SESIM,Simrishamn,NA,NA
PT_0PTSIE,Sines,37.92694175,-8.74993786808114
TR_1TRSIC,Sinop,NA,NA
FI_0FISIP,Sipoonlahti,NA,NA
IT_0ITSIR,Siracusa,37.0646139,15.2907196
EL_0GRJSH,Siteia,NA,NA
DK_0DKSJO,Sjællands Odde,NA,NA
IS_0ISSKA,Skagaströnd,NA,NA
DK_0DKSKA,Skagen,NA,NA
EL_0GRSKA,Skaramagkas,NA,NA
DK_0DKSDO,Skarø/Drejø,NA,NA
SE_2SESKT,Skattkärr,59.4133819,13.674373
SE_1SESFT,Skellefteå,64.7520185,20.959339
EL_0GRJSI,Skiathos,NA,NA
DK_0DKSKV,Skive,NA,NA
NO_0NOSKY,Skjervøy,NA,NA
FI_0FISKB,Skogby,NA,NA
SE_2SESKO,Skoghall (ports),NA,NA
FI_0FISKV,Sköldvik,58.4758979,16.9392507
EL_0GRSKO,Skopelos,NA,NA
LV_0LVSKU,Skulte,NA,NA
SE_1SESSR,Skutskär,NA,NA
DK_0DKSSK,Skælskør,NA,NA
DK_0DKSKB,Skærbækværkets Havn,NA,NA
HR_0HRSLA,Slano,NA,NA
NL_0NLSLD,Sliedrecht,NA,NA
IE_0IESLI,Sligo,NA,NA
SE_1SESLI,Slite (ports),NA,NA
SI,Slovenia,NA,NA
NL_0NLSML,Smallingerland,NA,NA
NL_0NLSNK,Sneek,NA,NA
HR_0HRSBR,Sobra,NA,NA
SE_1SESOO,Söderhamn,61.2998501,17.0607599
SE_1SESOE,Södertälje,59.1964289,17.6271663
NO_0NOSOG,Sogndal,NA,NA
NO_0NOSOK,Sokndal,NA,NA
SE_1SESOL,Sölvesborg,56.0506535,14.5871906
PL_0PLSOP,Sopot,NA,NA
SE_1SESOR,Söråker,62.5045494,17.5086121
IT_0ITRRO,Sorrento,NA,NA
NO_0NOSLX,Sortland,NA,NA
EL_0GRSUD,Souda Bay,NA,NA
EL_0GRSOG,Sougia,NA,NA
UK_1GBSOU,Southampton,50.9025349,-1.404189
UK_1GBSWD,Southwold,NA,NA
EL_0GRSLA,Souvala Aiginas,NA,NA
ES,Spain,NA,NA
ES_3,Spain: Ceuta,NA,NA
ES_2,Spain: Mediterranean and South Atlantic,NA,NA
ES_4,Spain: Melilla,NA,NA
ES_1,Spain: North Atlantic,NA,NA
EL_0GRSPE,Spetses,NA,NA
DE_1DESPI,Spieckeroog,NA,NA
HR_0HRSPU,Split,43.5116383,16.4399659
DK_0DKSPB,Spodsbjerg Havn,NA,NA
DE_3DE061,Spyck,NA,NA
DE_3DEPYK,Spyck,NA,NA
UK_3JESTH,St Helier (Jersey),NA,NA
FR_3GFSLM,St Laurent du Maroni (Guyane),NA,NA
FR_1FRSML,St Malo,48.6454528,-2.015418
UK_3GGSPT,St Peter Port (Guernsey),NA,NA
FR_2FRSRL,St Raphaël,NA,NA
FR_1FRSVS,St Valéry-sur-Somme,NA,NA
DE_1DESTA,Stade,NA,NA
DE_1DESTS,Stadersand,NA,NA
NO_0NOSUZ,Stamsund,NA,NA
HR_0HRSGD,Stari Grad,NA,NA
HR_0HRSGR,Starigrad,NA,NA
DK_0DKSTT,Statoil-Havnen,NA,NA
NO_0NOSVG,Stavanger,59.1020129,5.712611357275702
EL_0GRSHA,Stavros Chalkidikis,NA,NA
NL_0NLSTE,Steenbergen,NA,NA
NO_0NOSTG,Steigen,NA,NA
NO_0NOSNS,Steinesjoen,NA,NA
NO_0NOSTE,Steinkjer,NA,NA
NO_0NOSTH,Steinshamn,NA,NA
SE_2SESTE,Stenungsund (Ports),NA,NA
PL_0PLSPA,Stepnica,NA,NA
DK_0DKSTP,Stevns Pier,NA,NA
DK_0DKSIT,Stigsnaes Inter Terminal,NA,NA
DK_0DKSTN,Stigsnæs,NA,NA
DK_0DKSTG,Stigsnæsværkets Havn,NA,NA
SE_1SESTA,Stocka,NA,NA
SE_1SESTO,Stockholm,59.3251172,18.0710935
SE_1SESTK,Stockvik,NA,NA
NO_0NOSTK,Stokke/Melsomvik,NA,NA
HR_0HRSTO,Ston,NA,NA
SE_1SESTV,Stora Vika,NA,NA
NO_0NOSRP,Stord,NA,NA
NO_0NOSTF,Storfjord,NA,NA
UK_1GBSTO,Stornoway,NA,NA
SE_1SESUS,Storugns,NA,NA
IS_0ISSTD,Stöðvarfjörður,NA,NA
DE_2DESTL,Stralsund,54.3096314,13.0820846
NO_0NOSTD,Strand,NA,NA
NO_0NOSRN,Stranda,NA,NA
SE_1SESTQ,Strängnäs,NA,NA
UK_1GBSTR,Stranraer,NA,NA
EL_0GRSTI,Stratonio,NA,NA
IS_0ISSTR,Straumsvík,NA,NA
IT_0ITSTR,Stromboli,NA,NA
SE_2SESMD,Strömstad,NA,NA
DK_0DKSTR,Struer Havn,NA,NA
DK_0DKSNO,Strynø,NA,NA
DK_0DKSBK,Stubbekøbing Havn,NA,NA
DK_0DKSSV,Studstrupværkets Havn,NA,NA
DE_3DESTR,Stuttgart,NA,NA
IS_0ISSTY,Stykkishólmur,NA,NA
EL_0GRSYS,Stylida,NA,NA
HR_0HRSUC,Sucuraj,NA,NA
NO_0NOSUL,Suldal,NA,NA
RO_0ROSUL,Sulina,NA,NA
UK_1GBSUL,Sullom Voe,NA,NA
HR_0HRSMN,Sumartin,NA,NA
UK_1GBSUN,Sunderland,54.9058512,-1.3828727
SE_1SESDL,Sundsvall,62.3907552,17.3071024
DK_0DKSUE,Sundsøre,NA,NA
NO_0NOSUN,Sunndal/Sunndalsøra,NA,NA
HR_0HRSUP,Supetar,NA,NA
TR_1TRSUR,Surmene,NA,NA
SE_2SESUR,Surte,NA,NA
HR_0HRSSK,Susak,NA,NA
IS_0ISSUV,Súðavík,NA,NA
IS_0ISSUD,Suðureyri,NA,NA
NO_0NO720,Svalbard,NA,NA
NO_0SJ888,Svalbard and Jan Mayen,NA,NA
NO_0SJSVE,Sveagruva (Svalbard),NA,NA
NO_0NOSVE,Svelgen,61.7700474,5.2981322
DK_0DKSVE,Svendborg,NA,NA
HR_0HRSVJ,Sveti Juraj,NA,NA
NO_0NOSVJ,Svolvaer,NA,NA
UK_1GBSWA,Swansea,51.6195955,-3.9459248
SE,Sweden,NA,NA
SE_1SE888,Sweden (Baltic Sea) - other ports,NA,NA
SE_1SE88B,Sweden (Baltic Sea) - other ports,NA,NA
SE_9SE888,Sweden (unknown maritime coastal area) - other ports,NA,NA
SE_9SE88D,Sweden - other ports,NA,NA
SE_1,Sweden: Baltic Sea,NA,NA
SE_2,Sweden: North Sea,NA,NA
SE_9,Sweden: unspecified maritime coastal area,NA,NA
PL_0PLSWI,Swinoujscie,53.9097477,14.2510703
NO_0NOSYK,Sykkylven,NA,NA
EL_0GRSYM,Symi,NA,NA
EL_0GRJSY,Syros,NA,NA
PL_0PLSZZ,Szczecin,53.4301818,14.5509623
DK_0DKSLV,Sælvig Havn,NA,NA
DK_0DKSOB,Søby Havn,NA,NA
NO_0NOSNE,Søgne,NA,NA
NO_0NOSMN,Sømna,NA,NA
DK_0DKSGD,Sønderborg,NA,NA
NO_0NOSRA,Sørreisa,NA,NA
FI_0FIDLS,Taalintehdas,NA,NA
FI_0FITVS,Taivassalo,NA,NA
IT_0ITTAL,Talamone,NA,NA
IS_0ISTAL,Tálknafjörður,NA,NA
EE_0EETLL,Tallinn,59.4372155,24.7453688
FI_0FITAI,Tammisaari,NA,NA
IT_0ITTAR,Taranto,40.4712427,17.2432278
ES_2ESTAR,Tarragona,41.1172364,1.2546057
DK_0DKTRS,Tårs,NA,NA
TR_2TRTAS,Tasucu,NA,NA
UK_1GBMME,Tees & Hartlepool,NA,NA
UK_1GBTNM,Teignmouth,NA,NA
FI_0FITEI,Teijo,NA,NA
TR_2TRTEK,Tekirdag,NA,NA
IT_0ITTRI,Termini Imerese,NA,NA
IT_0ITTMI,Termoli,NA,NA
NL_0NLTNZ,Terneuzen,NA,NA
IT_0ITTRC,Terracina,NA,NA
NL_0NLTEX,Texel,NA,NA
EL_0GRTSO,Thasos,40.7785756,24.7096571
EL_0GRSKG,Thessaloniki,40.6403167,22.9352716
EL_0GRJTR,Thira,NA,NA
EL_0GRTRS,Thirasia,NA,NA
DK_0DKTED,Thisted,NA,NA
DK_0DKTYB,Thyborøn,56.7011279,8.2145876
NL_0NLTIE,Tiel,NA,NA
EL_0GRTIL,Tilos Dodekanisou,NA,NA
EL_0GRTIN,Tinos,NA,NA
TR_1TRTIR,Tirebolu,NA,NA
HR_0HRTNO,Tisno,NA,NA
FI_0FITOK,Tolkkinen,NA,NA
EL_0GRTLA,Tolo Argolidas,NA,NA
FR_1FRTON,Tonnay Charente,NA,NA
SE_1SETOE,Töre,NA,NA
FI_0FITOR,Tornio,65.8457589,24.1464
IT_0ITTOA,Torre Annunziata,NA,NA
IT_0ITTGR,Torregrande,NA,NA
IT_0ITTVC,Torviscosa,NA,NA
FR_2FRTLN,Toulon,43.1257311,5.9304919
TR_1TRTZX,Trabzon,NA,NA
IE_0IETRA,Tralee,NA,NA
IT_0ITTNI,Trani,NA,NA
IT_0ITTPS,Trapani,38.0174321,12.515992
FR_1FRTRE,Tréguier,NA,NA
SE_1SETRG,Trelleborg,55.37592,13.1461522
IT_0ITTMT,Tremiti,NA,NA
UK_1GB203,Trent River,NA,NA
IT_0ITTRS,Trieste,45.6504806,13.7931263
HR_0HRTRO,Trogir,NA,NA
SE_2SETHN,Trollhättan (Ports),NA,NA
NO_0NOTOS,Tromsø,69.649208,18.9543434
NO_0NOTRD,Trondheim/Flakk,NA,NA
UK_1GBTRN,Troon,NA,NA
HR_0HRTRJ,Trpanj,NA,NA
HR_0HRTRK,Trstenik,NA,NA
UK_1GBTRU,Truro,NA,NA
EL_0GRTRY,Trypiti Chalkidikis,NA,NA
PL_0PLTBZ,Trzebiez,NA,NA
RO_0ROTCE,Tulcea,NA,NA
SE_1SETUN,Tunadal,NA,NA
DK_0DKTNO,Tunø,NA,NA
TR,Turkey,NA,NA
TR_9TR888,Turkey (unknown maritime coastal area) - other ports,NA,NA
TR_1,Turkey: Black Sea,NA,NA
TR_2,Turkey: Mediterranean,NA,NA
TR_9,Turkey: unspecified maritime coastal area,NA,NA
FI_0FITKU,Turku,60.4517531,22.2670522
UK_1GBTYN,Tyne,NA,NA
NO_0NOTYN,Tysnes,NA,NA
NO_0NOTON,Tønsberg,59.3549795,10.282049110877239
HR_0HRUBL,Ubli,NA,NA
DK_0DKUDN,Udbyhoj Nord,NA,NA
DK_0DKUDS,Udbyhoj Syd,NA,NA
SE_2SEUDD,Uddevalla,58.3490555,11.9382855
DE_2DEUCK,Ueckermünde,NA,NA
DE_3DEUEL,Uelzen,NA,NA
UK_1GBULL,Ullapool,NA,NA
HR_0HRUMG,Umag,NA,NA
SE_1SEUME,Umeå,63.8256568,20.2630745
SE_1SEUND,Underås,59.3302778,10.9549056
UK,United Kingdom,NA,NA
UK_1GB888,United Kingdom - other ports,NA,NA
UK_1,United Kingdom: Great Britain and Northern Ireland,NA,NA
UK_3,United Kingdom: Guernsey and Jersey (Channel Islands),NA,NA
UK_2,United Kingdom: Isle of Man,NA,NA
TR_1TRUNY,Unye,NA,NA
SE_1SEUPP,Uppsala,NA,NA
IT_0ITUST,Ustica,NA,NA
PL_0PLUST,Ustka,NA,NA
SE_1SEUTA,Utansjö,NA,NA
NL_0NLUTC,Utrecht,NA,NA
FI_0FIUKI,Uusikaupunki,60.8016507,21.4086143
FI_0FIVAA,Vaasa,63.0957722,21.6159187
IT_0ITVDA,Vada,NA,NA
NO_0NOVDS,Vadsø,NA,NA
NO_0NOVGN,Vågan/Kabelvåg,NA,NA
SE_1SEVAJ,Väja,NA,NA
TR_1TRVAK,Vakfikebir,NA,NA
SE_1SEVAK,Valdemarsvik,NA,NA
ES_2ESVLC,Valencia,39.4697065,-0.3763353
ES_2ESVCC,Vallcarca,NA,NA
ES_2ESVGR,Valle Gran Rey,NA,NA
MT_0MTMLA,Valletta,35.8989818,14.5136759
SE_1SEVAL,Vallvik,NA,NA
SE_2SEVAN,Vänersborg,58.3811988,12.3226877
DK_0DKVNG,Vang Havn,NA,NA
FR_1FRVNE,Vannes,NA,NA
NO_0NOVAY,Vanylven,NA,NA
SE_2SEVAG,Varberg,57.1057412,12.2502949
NO_0NOVAO,Vardø,NA,NA
SE_2SEVGN,Vargön,NA,NA
BG_0BGVAR,Varna,43.2069025,27.9150855
EL_0GRVSS,Vasiliki Lefkadas,NA,NA
SE_1SEVST,Västerås,59.6110992,16.5463679
SE_1SEVVK,Västervik,57.7594186,16.6385035
IT_0ITVSO,Vasto,NA,NA
EL_0GRVTH,Vathy Samou,NA,NA
NO_0NOVEG,Vega,NA,NA
DK_0DKVEJ,Vejle,55.7000057,9.5333238
HR_0HRVLK,Vela Luka,NA,NA
PT_0PTVEL,"Velas (Ilha de São Jorge, Açores)",NA,NA
FI_0FIVEL,Velkua,NA,NA
EE_0EEVEB,Vene-Balti,NA,NA
IT_0ITVCE,Venezia,45.4371908,12.3345898
DE_3DEVNA,Venhaus,NA,NA
NL_0NLVEN,Venlo,NA,NA
IT_0ITVTT,Ventotene,NA,NA
LV_0LVVNT,Ventspils,57.3903918,21.5635991
DK_0DKVEN,Venø Havn,NA,NA
NO_0NOVER,Verdal,NA,NA
SE_1SEVER,Verkebäck,NA,NA
DK_0DKVES,"Vesterø Havn, Læsø",NA,NA
IS_0ISVES,Vestmannaeyjar,NA,NA
NO_0NOVVY,Vestvågøy,NA,NA
PT_0PTVDC,Viana do Castelo,41.694867,-8.831088
IT_0ITVIA,Viareggio,NA,NA
IT_0ITVVA,Vibo Valentia,NA,NA
NL_0NLVIE,Vierlingsbeek,NA,NA
DE_3DEVIW,Vierow,54.1175854,13.5730331
IT_0ITVIE,Vieste,NA,NA
ES_1ESVGO,Vigo,42.2376602,-8.7247205
NO_0NOVKN,Vikna,NA,NA
PT_0PTVDP,"Vila do Porto (Ilha de Sta Maria, Açores)",NA,NA
PT_0PTVNC,"Vila Nova do Corvo (Ilha do Corvo, Açores)",NA,NA
ES_2ESVLG,Vilanova i la Geltrú,NA,NA
ES_1ESVIL,Villagarcía (de Arosa),42.5947625,-8.7669178
EE_0EEVIR,Virtsu,NA,NA
HR_0HRVIS,Vis,NA,NA
SE_1SEVBY,Visby,57.6379361,18.297982
SE_1SEVIV,Vivstavarv,NA,NA
NL_0NLVLA,Vlaardingen,51.9227863,4.329563378870851
NL_0NLVLI,Vlissingen,NA,NA
HR_0HRVDC,Vodice,NA,NA
IS_0ISVOG,Vogar,NA,NA
EL_0GRVLC,Volissos (Limnia) Chiou,NA,NA
EL_0GRVOL,Volos,39.3624833,22.9401864
IS_0ISVPN,Vopnafjörður,NA,NA
DK_0DKVOR,Vordingborg Havn,NA,NA
EL_0GR909,Voreios Evvoikos,NA,NA
IT_0ITVUL,Vulcano Porto,NA,NA
NO_0NOVEY,Værøy,NA,NA
NL_0NLWGW,Wageningen,NA,NA
SE_2SEWAL,Wallhamn,NA,NA
DE_3DEWLM,Walsum,NA,NA
DE_1DEAGE,Wangerooge,53.7834392,7.934210607402974
UK_1GBWPT,Warrenpoint,54.0999923,-6.2512827
IE_0IEWAT,Waterford,52.2609997,-7.1119081
DE_1DEWED,Wedel-Schulau,NA,NA
DE_3DEWNU,Weissenthurm,NA,NA
NL_0NLWKD,Werkendam,NA,NA
DE_3DEWES,Wesel,NA,NA
NL_0NLWTE,West-Terschelling,NA,NA
UK_1GBWEY,Weymouth,NA,NA
UK_1GBWTB,Whitby,NA,NA
UK_1GBWHV,Whitehaven,NA,NA
UK_1GBWTS,Whitstable,NA,NA
UK_1GBWIC,Wick,NA,NA
IE_0IEWIC,Wicklow,NA,NA
DE_1DEWVN,Wilhelmshaven,53.5278793,8.106301
UK_1GBWIS,Wisbech,NA,NA
DE_1DEWIF,Wischhafen,53.773234,9.318797
DE_2DEWIS,Wismar,53.8909832,11.4647932
DE_1DEWMD,Wittmund,53.5792685,7.7815477
PL_0PLWLA,Wladyslawowo,NA,NA
DE_2DEWOL,Wolgast,54.0536473,13.7757809
UK_1GBWOR,Workington,NA,NA
NL_0NLWCM,Woudrichem,NA,NA
TR_2TRYAL,Yalova,NA,NA
EL_0GRHYD,Ydra,NA,NA
IE_0IEYOU,Youghal,NA,NA
SE_1SEYST,Ystad,55.4329849,13.8196555
NL_0NLZAA,Zaanstad,NA,NA
HR_0HRZAD,Zadar,NA,NA
EL_0GRZTH,Zakynthos,NA,NA
BE_0BEZEE,Zeebrugge,51.3312211,3.207561
BE_0BE001,Zeekanaal Brussel-Schelde - ports,NA,NA
NL_0NLZSP,Zeeland Seaports,NA,NA
TR_1TRZON,Zonguldak,NA,NA
NL_0NLZWI,Zwijndrecht,NA,NA
NL_0NLZWO,Zwolle,NA,NA
CY_0CYZYY,Zygi,34.7289972,33.3380216
DK_0DKARK,Ærøskøbing,NA,NA
NO_0NOMYO,Øksnes/Myre,NA,NA
NO_0NOOLN,Ølen,NA,NA
NO_0NOOLA,Ørland/Brekstad,NA,NA
NO_0NOORS,Ørsta,NA,NA
IS_0ISTEY,Þingeyri (Thingeyri),NA,NA
IS_0ISTHH,Þorlákshöfn (Thorlakshofn),NA,NA
IS_0ISTHO,Þórshöfn (Thorshofn),NA,NA
