name,link,port_size,port_type,deglon,deglat,lon,lat
Port of Bordeaux,http://www.worldportsource.com/ports/FRA_Port_of_Bordeaux_1226.php,Medium,River Port,"0° 33' 18"" W","44° 51' 55"" N",0.555,44.865278000000004
Port of Brest,http://www.worldportsource.com/ports/FRA_Port_of_Brest_1228.php,Large,Deepwater Seaport,"4° 28' 27"" W","48° 22' 50"" N",4.474167,48.380556
Port of Dunkerque,http://www.worldportsource.com/ports/FRA_Port_of_Dunkerque_385.php,Large,Harbor,"2° 17' 26"" E","51° 2' 42"" N",2.290556,51.045
Port of Fos-sur-Mer,http://www.worldportsource.com/ports/FRA_Port_of_Fos_sur_Mer_3501.php,Medium,Seaport,"4° 54' 56"" E","43° 25' 27"" N",4.915556,43.424167
Port of La Pallice,http://www.worldportsource.com/ports/FRA_Port_of_La_Pallice_2737.php,Medium,Seaport,"1° 13' 41"" W","46° 9' 26"" N",1.228056,46.157222
Port of Le Havre,http://www.worldportsource.com/ports/FRA_Port_of_Le_Havre_604.php,Large,Deepwater Seaport,"0° 10' 40"" E","49° 28' 1"" N",0.177778,49.466944
Port of Marseille,http://www.worldportsource.com/ports/FRA_Port_of_Marseille_89.php,Large,Seaport,"5° 21' 8"" E","43° 19' 25"" N",5.352222,43.323611
Port of Nantes - Saint Nazaire,http://www.worldportsource.com/ports/FRA_Port_of_Nantes__Saint_Nazaire_1236.php,Medium,Seaport,"2° 11' 58"" W","47° 16' 39"" N",2.199444,47.2775
Port of Rouen,http://www.worldportsource.com/ports/FRA_Port_of_Rouen_605.php,Medium,River Port,"1° 3' 14"" E","49° 26' 36"" N",1.053889,49.443333
Port of Agde,http://www.worldportsource.com/ports/FRA_Port_of_Agde_5574.php,Small,Harbor,"3° 30' 29"" E","43° 16' 43"" N",3.508056,43.278611
Port of Ajaccio,http://www.worldportsource.com/ports/FRA_Port_of_Ajaccio_2718.php,Small,Seaport,"8° 44' 31"" E","41° 55' 12"" N",8.741944,41.92
Port of Ambes,http://www.worldportsource.com/ports/FRA_Port_of_Ambes_4429.php,Medium,River Port,"0° 34' 41"" W","45° 1' 7"" N",0.578056,45.018611
Port de la Salis,http://www.worldportsource.com/ports/FRA_Port_de_la_Salis_5624.php,Very Small,Harbor,"7° 7' 52"" E","43° 34' 10"" N",7.131111,43.569444
Port of Antibes,http://www.worldportsource.com/ports/FRA_Port_of_Antibes_2713.php,Small,Harbor,"7° 7' 33"" E","43° 35' 13"" N",7.125833,43.586944
Port of Antifer,http://www.worldportsource.com/ports/FRA_Port_of_Antifer_4436.php,Small,Seaport,"0° 8' 18"" E","49° 39' 36"" N",0.138333,49.66
Port of Arcachon,http://www.worldportsource.com/ports/FRA_Port_of_Arcachon_2763.php,Small,Harbor,"1° 8' 51"" W","44° 39' 33"" N",1.1475,44.659167
Port of Argeles-sur-Mer,http://www.worldportsource.com/ports/FRA_Port_of_Argeles_sur_Mer_5569.php,Small,Harbor,"3° 3' 5"" E","42° 32' 30"" N",3.051389,42.541667
Port Fluvial d'Arles,http://www.worldportsource.com/ports/FRA_Port_Fluvial_d_Arles_5038.php,Small,River Port,"4° 37' 37"" E","43° 41' 51"" N",4.626944,43.6975
Port of Armissan,http://www.worldportsource.com/ports/FRA_Port_of_Armissan_5572.php,Small,Harbor,"3° 10' 54"" E","43° 10' 11"" N",3.181667,43.169722
Port Arradon,http://www.worldportsource.com/ports/FRA_Port_Arradon_5027.php,Very Small,Harbor,"2° 49' 12"" W","47° 37' 1"" N",2.82,47.616944
Port of Arzal,http://www.worldportsource.com/ports/FRA_Port_of_Arzal_5555.php,Small,Harbor,"2° 22' 50"" W","47° 29' 53"" N",2.380556,47.498056
Le Port du Crouesty,http://www.worldportsource.com/ports/FRA_Le_Port_du_Crouesty_5029.php,Small,Marina,"2° 53' 41"" W","47° 32' 39"" N",2.894722,47.544167
Port of Audierne,http://www.worldportsource.com/ports/FRA_Port_of_Audierne_4909.php,Small,Harbor,"4° 32' 4"" W","48° 1' 26"" N",4.534444,48.023889
Port of Bandol,http://www.worldportsource.com/ports/FRA_Port_of_Bandol_5588.php,Small,Harbor,"5° 45' 18"" E","43° 8' 0"" N",5.755,43.133333
Port of Bangor,http://www.worldportsource.com/ports/FRA_Port_of_Bangor_5614.php,Very Small,Harbor,"3° 13' 39"" W","47° 18' 10"" N",3.2275,47.302778000000004
Banyuls-sur-Mer,http://www.worldportsource.com/ports/FRA_Banyuls_sur_Mer_5024.php,Small,Marina,"3° 8' 5"" E","42° 28' 51"" N",3.134722,42.480833
Mairie de Barfleur,http://www.worldportsource.com/ports/FRA_Mairie_de_Barfleur_5540.php,Small,Harbor,"1° 15' 40"" W","49° 40' 16"" N",1.261111,49.671111
Port of Carteret,http://www.worldportsource.com/ports/FRA_Port_of_Carteret_5542.php,Small,"Pier, Jetty or Wharf","1° 47' 22"" W","49° 22' 17"" N",1.789444,49.371389
Port of Basse Indre,http://www.worldportsource.com/ports/FRA_Port_of_Basse_Indre_4437.php,Very Small,"Pier, Jetty or Wharf","1° 40' 48"" W","47° 11' 54"" N",1.68,47.198333
Port of Bassens,http://www.worldportsource.com/ports/FRA_Port_of_Bassens_4432.php,Medium,River Port,"0° 32' 17"" W","44° 54' 18"" N",0.538056,44.905
Port of Bastia,http://www.worldportsource.com/ports/FRA_Port_of_Bastia_2712.php,Small,Harbor,"9° 27' 15"" E","42° 41' 56"" N",9.454167,42.698889
Port of Bayonne,http://www.worldportsource.com/ports/FRA_Port_of_Bayonne_1021.php,Medium,Seaport,"1° 29' 59"" W","43° 31' 11"" N",1.499722,43.519722
Port de Beaulieu,http://www.worldportsource.com/ports/FRA_Port_de_Beaulieu_5629.php,Small,Harbor,"7° 20' 13"" E","43° 42' 32"" N",7.336944,43.708889
Port des Fourmis,http://www.worldportsource.com/ports/FRA_Port_des_Fourmis_5630.php,Very Small,Harbor,"7° 19' 56"" E","43° 42' 12"" N",7.332222,43.703333
Port Benodet,http://www.worldportsource.com/ports/FRA_Port_Benodet_5032.php,Small,Harbor,"4° 6' 54"" W","47° 52' 26"" N",4.115,47.873889
Port of Berry-au-Bac,http://www.worldportsource.com/ports/FRA_Port_of_Berry_au_Bac_5235.php,Small,River Port,"3° 54' 32"" E","49° 23' 59"" N",3.908889,49.399722
Port of Biarritz,http://www.worldportsource.com/ports/FRA_Port_of_Biarritz_5565.php,Very Small,Harbor,"1° 33' 53"" W","43° 29' 0"" N",1.564722,43.483333
Port of Binic,http://www.worldportsource.com/ports/FRA_Port_of_Binic_4905.php,Small,Harbor,"2° 49' 15"" W","48° 36' 5"" N",2.820833,48.601389
Port of Blaye,http://www.worldportsource.com/ports/FRA_Port_of_Blaye_4430.php,Small,River Port,"0° 39' 39"" W","45° 7' 10"" N",0.660833,45.119444
Port of Bonifacio,http://www.worldportsource.com/ports/FRA_Port_of_Bonifacio_2721.php,Small,Harbor,"9° 9' 28"" E","41° 23' 20"" N",9.157778,41.388889
Port de Bonneuil,http://www.worldportsource.com/ports/FRA_Port_de_Bonneuil_2746.php,Small,River Port,"2° 29' 18"" E","48° 46' 54"" N",2.488333,48.781667
Port of Bonnieres sur Seine,http://www.worldportsource.com/ports/FRA_Port_of_Bonnieres_sur_Seine_4438.php,Very Small,River Port,"1° 34' 15"" E","49° 2' 20"" N",1.570833,49.038889
 Port de Bormes-les-Mimosas,http://www.worldportsource.com/ports/FRA__Port_de_Bormes_les_Mimosas_5598.php,Small,Harbor,"6° 21' 51"" E","43° 7' 21"" N",6.364167,43.1225
Port of Boulogne-sur-Mer,http://www.worldportsource.com/ports/FRA_Port_of_Boulogne_sur_Mer_1227.php,Medium,Seaport,"1° 34' 50"" E","50° 43' 25"" N",1.580556,50.723611
Port of Brehat,http://www.worldportsource.com/ports/FRA_Port_of_Brehat_4903.php,Very Small,"Pier, Jetty or Wharf","3° 0' 13"" W","48° 50' 19"" N",3.003611,48.838611
Port Brigneau,http://www.worldportsource.com/ports/FRA_Port_Brigneau_5025.php,Very Small,River Port,"3° 38' 48"" W","47° 46' 58"" N",3.646667,47.782778
Port of Bruyeres-sur-Oise,http://www.worldportsource.com/ports/FRA_Port_of_Bruyeres_sur_Oise_2749.php,Small,River Port,"2° 17' 8"" E","49° 8' 44"" N",2.285556,49.145556
Port of Caen,http://www.worldportsource.com/ports/FRA_Port_of_Caen_1229.php,Medium,River Port,"0° 19' 55"" W","49° 11' 26"" N",0.331944,49.190556
Port of Calais,http://www.worldportsource.com/ports/FRA_Port_of_Calais_1231.php,Medium,Seaport,"1° 51' 1"" E","50° 57' 57"" N",1.850278,50.965833
Port of Calvi,http://www.worldportsource.com/ports/FRA_Port_of_Calvi_2722.php,Small,Harbor,"8° 45' 30"" E","42° 33' 57"" N",8.758333,42.565833
Port of Camaret-sur-Mer,http://www.worldportsource.com/ports/FRA_Port_of_Camaret_sur_Mer_2723.php,Small,Harbor,"4° 35' 35"" W","48° 16' 40"" N",4.593056,48.277778
Port of Cancale,http://www.worldportsource.com/ports/FRA_Port_of_Cancale_4439.php,Very Small,"Pier, Jetty or Wharf","1° 51' 18"" W","48° 40' 9"" N",1.855,48.669167
Port de Cannes,http://www.worldportsource.com/ports/FRA_Port_de_Cannes_2724.php,Small,Harbor,"7° 0' 52"" E","43° 32' 53"" N",7.014444,43.548056
Port du Moure Rouge,http://www.worldportsource.com/ports/FRA_Port_du_Moure_Rouge_5621.php,Small,Harbor,"7° 2' 31"" E","43° 32' 32"" N",7.041944,43.542222
Port Pierre Canto,http://www.worldportsource.com/ports/FRA_Port_Pierre_Canto_5620.php,Small,Harbor,"7° 1' 58"" E","43° 32' 30"" N",7.032778,43.541667
Yacht Club de Cannes,http://www.worldportsource.com/ports/FRA_Yacht_Club_de_Cannes_5619.php,Small,Harbor,"7° 2' 8"" E","43° 32' 12"" N",7.035556,43.536667
Port of Cap-d'Ail,http://www.worldportsource.com/ports/FRA_Port_of_Cap_d_Ail_5632.php,Small,Harbor,"7° 24' 56"" E","43° 43' 28"" N",7.415556,43.724444
Calal de Caronte,http://www.worldportsource.com/ports/FRA_Calal_de_Caronte_4440.php,Small,Canal,"5° 1' 31"" E","43° 24' 12"" N",5.025278,43.403333
Port of Carry-le-Rouet,http://www.worldportsource.com/ports/FRA_Port_of_Carry_le_Rouet_5580.php,Small,Harbor,"5° 9' 9"" E","43° 19' 46"" N",5.1525,43.329444
Port of Cassis,http://www.worldportsource.com/ports/FRA_Port_of_Cassis_5586.php,Small,Harbor,"5° 32' 10"" E","43° 12' 50"" N",5.536111,43.213889
Port of Cavalaire-sur-Mer,http://www.worldportsource.com/ports/FRA_Port_of_Cavalaire_sur_Mer_5600.php,Small,Harbor,"6° 32' 15"" E","43° 10' 16"" N",6.5375,43.171111
Port de Centuri,http://www.worldportsource.com/ports/FRA_Port_de_Centuri_5648.php,Very Small,Harbor,"9° 20' 57"" E","42° 57' 58"" N",9.349167,42.966111
Port of Cerbere,http://www.worldportsource.com/ports/FRA_Port_of_Cerbere_5568.php,Very Small,Harbor,"3° 10' 1"" E","42° 26' 28"" N",3.166944,42.441111
Port de Chantereyne Marina ,http://www.worldportsource.com/ports/FRA_Port_de_Chantereyne_Marina__5039.php,Small,Marina,"1° 37' 21"" W","49° 38' 47"" N",1.6225,49.646389
Port of Cherbourg,http://www.worldportsource.com/ports/FRA_Port_of_Cherbourg_1230.php,Medium,Seaport,"1° 37' 5"" W","49° 39' 8"" N",1.618056,49.652222
Port of Compiegne,http://www.worldportsource.com/ports/FRA_Port_of_Compiegne_5233.php,Small,River Port,"2° 49' 3"" E","49° 25' 2"" N",2.8175,49.417222
Port of Concarneau,http://www.worldportsource.com/ports/FRA_Port_of_Concarneau_2729.php,Small,Harbor,"3° 54' 46"" W","47° 52' 24"" N",3.912778,47.873333
Port of Conde-sur-Marne,http://www.worldportsource.com/ports/FRA_Port_of_Conde_sur_Marne_5236.php,Very Small,River Port,"4° 10' 53"" E","49° 2' 31"" N",4.181389,49.041944
Port of Conflans-fin-d'Oise,http://www.worldportsource.com/ports/FRA_Port_of_Conflans_fin_d_Oise_2753.php,Small,River Port,"2° 5' 20"" E","48° 59' 25"" N",2.088889,48.990278000000004
Port of Cordemais,http://www.worldportsource.com/ports/FRA_Port_of_Cordemais_4441.php,Small,River Port,"1° 53' 4"" W","47° 16' 34"" N",1.884444,47.276111
Port of Corniguel,http://www.worldportsource.com/ports/FRA_Port_of_Corniguel_4442.php,Very Small,"Pier, Jetty or Wharf","4° 6' 14"" W","47° 58' 15"" N",4.103889,47.970833
Port of Coueron,http://www.worldportsource.com/ports/FRA_Port_of_Coueron_4443.php,Very Small,"Pier, Jetty or Wharf","1° 43' 25"" W","47° 12' 30"" N",1.723611,47.208333
Port of Creil,http://www.worldportsource.com/ports/FRA_Port_of_Creil_5232.php,Small,River Port,"2° 30' 32"" E","49° 16' 59"" N",2.508889,49.283056
Port of Dahouet,http://www.worldportsource.com/ports/FRA_Port_of_Dahouet_4906.php,Small,Harbor,"2° 33' 56"" W","48° 34' 40"" N",2.565556,48.577778
Port of Dammarie-les-Lys,http://www.worldportsource.com/ports/FRA_Port_of_Dammarie_les_Lys_2752.php,Small,River Port,"2° 38' 14"" E","48° 31' 48"" N",2.637222,48.53
Port of Deauville,http://www.worldportsource.com/ports/FRA_Port_of_Deauville_2731.php,Small,Harbor,"0° 4' 38"" E","49° 21' 57"" N",0.077222,49.365833
Port of Dieppe,http://www.worldportsource.com/ports/FRA_Port_of_Dieppe_2732.php,Small,Harbor,"1° 5' 15"" E","49° 55' 35"" N",1.0875,49.926389
Port Doelan (Clohars-Carnoet),http://www.worldportsource.com/ports/FRA_Port_Doelan_Clohars_Carnoet__5042.php,Small,Harbor,"3° 36' 28"" W","47° 46' 23"" N",3.607778,47.773056
Port Atlantique de Nantes,http://www.worldportsource.com/ports/FRA_Port_Atlantique_de_Nantes_4445.php,Small,Seaport,"2° 4' 9"" W","47° 18' 23"" N",2.069167,47.306389
Port of Douarnenez,http://www.worldportsource.com/ports/FRA_Port_of_Douarnenez_4911.php,Small,Harbor,"4° 20' 6"" W","48° 5' 38"" N",4.335,48.093889
Port of Ensues-la-Redonne,http://www.worldportsource.com/ports/FRA_Port_of_Ensues_la_Redonne_5583.php,Small,Harbor,"5° 11' 52"" E","43° 19' 54"" N",5.197778,43.331667
Port of Erquy,http://www.worldportsource.com/ports/FRA_Port_of_Erquy_4907.php,Small,Harbor,"2° 28' 31"" W","48° 38' 5"" N",2.475278,48.634722
Port Etel,http://www.worldportsource.com/ports/FRA_Port_Etel_5043.php,Small,Marina,"3° 12' 27"" W","47° 39' 31"" N",3.2075,47.658611
Port d'Evian,http://www.worldportsource.com/ports/FRA_Port_d_Evian_5049.php,Small,Harbor,"6° 36' 6"" E","46° 24' 9"" N",6.601667,46.4025
Port of Evry,http://www.worldportsource.com/ports/FRA_Port_of_Evry_2751.php,Small,River Port,"2° 27' 46"" E","48° 37' 45"" N",2.462778,48.629167
Port of Eze,http://www.worldportsource.com/ports/FRA_Port_of_Eze_5631.php,Very Small,Harbor,"7° 21' 3"" E","43° 42' 58"" N",7.350833,43.716111
Port of Fecamp,http://www.worldportsource.com/ports/FRA_Port_of_Fecamp_2733.php,Small,Harbor,"0° 22' 16"" E","49° 45' 43"" N",0.371111,49.761944
Port of Flamanville,http://www.worldportsource.com/ports/FRA_Port_of_Flamanville_5541.php,Small,Harbor,"1° 51' 38"" W","49° 33' 9"" N",1.860556,49.5525
Port of Fouesnant,http://www.worldportsource.com/ports/FRA_Port_of_Fouesnant_5554.php,Small,Harbor,"3° 58' 34"" W","47° 53' 47"" N",3.976111,47.896389
Port of Frejus,http://www.worldportsource.com/ports/FRA_Port_of_Frejus_5604.php,Small,Harbor,"6° 44' 54"" E","43° 25' 14"" N",6.748333,43.420556
Port of Fromentine,http://www.worldportsource.com/ports/FRA_Port_of_Fromentine_5557.php,Small,"Pier, Jetty or Wharf","2° 8' 18"" W","46° 53' 35"" N",2.138333,46.893056
Port of Galeria,http://www.worldportsource.com/ports/FRA_Port_of_Galeria_5636.php,Very Small,Harbor,"8° 38' 41"" E","42° 24' 53"" N",8.644722,42.414722
Port of Gennevilliers,http://www.worldportsource.com/ports/FRA_Port_of_Gennevilliers_2744.php,Medium,River Port,"2° 16' 36"" E","48° 56' 33"" N",2.276667,48.9425
Port of Girolata,http://www.worldportsource.com/ports/FRA_Port_of_Girolata_5637.php,Very Small,"Pier, Jetty or Wharf","8° 36' 49"" E","42° 20' 56"" N",8.613611,42.348889
Port of Golfe-Juan,http://www.worldportsource.com/ports/FRA_Port_of_Golfe_Juan_2726.php,Small,Harbor,"7° 4' 39"" E","43° 33' 56"" N",7.0775,43.565556
Port of Granville,http://www.worldportsource.com/ports/FRA_Port_of_Granville_2734.php,Small,Harbor,"1° 36' 6"" W","48° 50' 5"" N",1.601667,48.834722
Port of Gravelines,http://www.worldportsource.com/ports/FRA_Port_of_Gravelines_2730.php,Small,Harbor,"2° 7' 10"" E","50° 59' 11"" N",2.119444,50.986389
Port of Gravenchon,http://www.worldportsource.com/ports/FRA_Port_of_Gravenchon_4446.php,Small,River Port,"0° 32' 25"" E","49° 28' 2"" N",0.540278,49.467222
Port of Grimaud,http://www.worldportsource.com/ports/FRA_Port_of_Grimaud_5601.php,Small,Off-Shore Terminal,"6° 34' 54"" E","43° 16' 8"" N",6.581667,43.268889
Port Tudy,http://www.worldportsource.com/ports/FRA_Port_Tudy_4458.php,Small,Harbor,"3° 26' 47"" W","47° 38' 38"" N",3.446389,47.643889
Port of Gruissan,http://www.worldportsource.com/ports/FRA_Port_of_Gruissan_5571.php,Small,Harbor,"3° 5' 47"" E","43° 6' 20"" N",3.096389,43.105556
Port of Guadeloupe,http://www.worldportsource.com/ports/FRA_Port_of_Guadeloupe_1232.php,Medium,Seaport,"61° 32' 34"" W","16° 14' 6"" N",61.542778,16.235
Port Guidel ,http://www.worldportsource.com/ports/FRA_Port_Guidel__5033.php,Very Small,Marina,"3° 31' 44"" W","47° 46' 20"" N",3.528889,47.772222
Port of Guilvinec,http://www.worldportsource.com/ports/FRA_Port_of_Guilvinec_4912.php,Small,Harbor,"4° 16' 49"" W","47° 47' 36"" N",4.280278,47.793333
Port of Gurgazu,http://www.worldportsource.com/ports/FRA_Port_of_Gurgazu_5640.php,Very Small,Harbor,"9° 13' 21"" E","41° 24' 17"" N",9.2225,41.404722
Port of Haut Indre,http://www.worldportsource.com/ports/FRA_Port_of_Haut_Indre_4447.php,Very Small,River Port,"1° 38' 40"" W","47° 11' 33"" N",1.644444,47.1925
Port of Hendaye,http://www.worldportsource.com/ports/FRA_Port_of_Hendaye_5567.php,Small,Harbor,"1° 46' 53"" W","43° 22' 9"" N",1.781389,43.369167
Port de Hennebont,http://www.worldportsource.com/ports/FRA_Port_de_Hennebont_5048.php,Small,River Port,"3° 16' 36"" W","47° 47' 55"" N",3.276667,47.798611
Port of Hoedic,http://www.worldportsource.com/ports/FRA_Port_of_Hoedic_5616.php,Very Small,Harbor,"2° 52' 32"" W","47° 20' 37"" N",2.875556,47.343611
Port of Honfleur,http://www.worldportsource.com/ports/FRA_Port_of_Honfleur_1233.php,Small,River Port,"0° 14' 10"" E","49° 25' 20"" N",0.236111,49.422222
Port of Houat,http://www.worldportsource.com/ports/FRA_Port_of_Houat_5615.php,Very Small,Harbor,"2° 57' 25"" W","47° 23' 33"" N",2.956944,47.3925
Port of Hyeres,http://www.worldportsource.com/ports/FRA_Port_of_Hyeres_5422.php,Small,Harbor,"6° 9' 32"" E","43° 4' 56"" N",6.158889,43.082222
Port of Ile de Porquerolles,http://www.worldportsource.com/ports/FRA_Port_of_Ile_de_Porquerolles_5595.php,Small,Harbor,"6° 12' 0"" E","43° 0' 8"" N",6.2,43.002222
Port of Ile de Saint-Nicolas,http://www.worldportsource.com/ports/FRA_Port_of_Ile_de_Saint_Nicolas_5617.php,Very Small,Harbor,"4° 0' 10"" W","47° 43' 20"" N",4.002778,47.722222
Port of Ile de Sein,http://www.worldportsource.com/ports/FRA_Port_of_Ile_de_Sein_5550.php,Small,Harbor,"4° 50' 51"" W","48° 2' 6"" N",4.8475,48.035
Port of Ile des Embiez,http://www.worldportsource.com/ports/FRA_Port_of_Ile_des_Embiez_5591.php,Small,Off-Shore Terminal,"5° 47' 5"" E","43° 4' 42"" N",5.784722,43.078333
Port of Ile du Levant,http://www.worldportsource.com/ports/FRA_Port_of_Ile_du_Levant_5596.php,Small,Harbor,"6° 27' 13"" E","43° 1' 37"" N",6.453611,43.026944
Port of Ile Longue,http://www.worldportsource.com/ports/FRA_Port_of_Ile_Longue_5548.php,Small,Seaport,"4° 30' 1"" W","48° 18' 29"" N",4.500278,48.308056
Port of Ile Rousse,http://www.worldportsource.com/ports/FRA_Port_of_Ile_Rousse_2735.php,Small,Harbor,"8° 56' 15"" E","42° 38' 23"" N",8.9375,42.639722
Port of Ile-Molene,http://www.worldportsource.com/ports/FRA_Port_of_Ile_Molene_5618.php,Very Small,"Pier, Jetty or Wharf","4° 57' 26"" W","48° 24' 5"" N",4.957222,48.401389
Port of Jard-sur-Mer,http://www.worldportsource.com/ports/FRA_Port_of_Jard_sur_Mer_5559.php,Small,Harbor,"1° 34' 54"" W","46° 24' 29"" N",1.581667,46.408056
Port du Crouton,http://www.worldportsource.com/ports/FRA_Port_du_Crouton_5623.php,Small,Harbor,"7° 7' 8"" E","43° 33' 37"" N",7.118889,43.560278
Port Gallice,http://www.worldportsource.com/ports/FRA_Port_Gallice_5622.php,Small,Off-Shore Terminal,"7° 6' 56"" E","43° 33' 43"" N",7.115556,43.561944
Port de Morin,http://www.worldportsource.com/ports/FRA_Port_de_Morin_5037.php,Small,Harbor,"2° 17' 28"" W","46° 59' 0"" N",2.291111,46.983333
Port of L'Estaque,http://www.worldportsource.com/ports/FRA_Port_of_L_Estaque_5584.php,Small,Harbor,"5° 18' 24"" E","43° 21' 36"" N",5.306667,43.36
Port Joinville,http://www.worldportsource.com/ports/FRA_Port_Joinville_4922.php,Small,Harbor,"2° 20' 46"" W","46° 43' 37"" N",2.346111,46.726944
Port of La Ciotat,http://www.worldportsource.com/ports/FRA_Port_of_La_Ciotat_2736.php,Small,Harbor,"5° 36' 41"" E","43° 10' 15"" N",5.611389,43.170833
Port de La Grande-Motte,http://www.worldportsource.com/ports/FRA_Port_de_La_Grande_Motte_5577.php,Small,Harbor,"4° 4' 53"" E","43° 33' 21"" N",4.081389,43.555833
Port of La Londe-les-Maures,http://www.worldportsource.com/ports/FRA_Port_of_La_Londe_les_Maures_5597.php,Small,Harbor,"6° 14' 49"" E","43° 6' 54"" N",6.246944,43.115
Port of La Mede,http://www.worldportsource.com/ports/FRA_Port_of_La_Mede_4448.php,Very Small,Harbor,"5° 6' 41"" E","43° 24' 2"" N",5.111389,43.400556
Port de la Meule,http://www.worldportsource.com/ports/FRA_Port_de_la_Meule_5558.php,Very Small,Harbor,"2° 20' 42"" W","46° 41' 38"" N",2.345,46.693889
Port of La Palmyre,http://www.worldportsource.com/ports/FRA_Port_of_La_Palmyre_5562.php,Small,Harbor,"1° 11' 1"" W","45° 41' 4"" N",1.183611,45.684444
Port de La Roche Bernard,http://www.worldportsource.com/ports/FRA_Port_de_La_Roche_Bernard_5031.php,Small,River Port,"2° 18' 22"" W","47° 31' 17"" N",2.306111,47.521389
Port of La Rochelle,http://www.worldportsource.com/ports/FRA_Port_of_La_Rochelle_1234.php,Small,Harbor,"1° 9' 44"" W","46° 8' 48"" N",1.162222,46.146667
Port de la Tour Fondue,http://www.worldportsource.com/ports/FRA_Port_de_la_Tour_Fondue_5594.php,Very Small,"Pier, Jetty or Wharf","6° 9' 16"" E","43° 1' 38"" N",6.154444,43.027222
Le port de La Trinite sur Mer,http://www.worldportsource.com/ports/FRA_Le_port_de_La_Trinite_sur_Mer_5028.php,Small,Harbor,"3° 1' 31"" W","47° 35' 22"" N",3.025278,47.589444
Port of Lagny-Saint Thibault,http://www.worldportsource.com/ports/FRA_Port_of_Lagny_Saint_Thibault_2747.php,Small,River Port,"2° 41' 47"" E","48° 52' 49"" N",2.696389,48.880278
Lancieux ,http://www.worldportsource.com/ports/FRA_Lancieux__5026.php,Very Small,Harbor,"2° 9' 27"" W","48° 36' 41"" N",2.1575,48.611389
Port of Landeda,http://www.worldportsource.com/ports/FRA_Port_of_Landeda_5545.php,Small,Harbor,"4° 33' 40"" W","48° 35' 55"" N",4.561111,48.598611
Port of Landerneau,http://www.worldportsource.com/ports/FRA_Port_of_Landerneau_4910.php,Small,River Port,"4° 15' 26"" W","48° 26' 54"" N",4.257222,48.448333
Port of Lanildut,http://www.worldportsource.com/ports/FRA_Port_of_Lanildut_5546.php,Small,Harbor,"4° 45' 16"" W","48° 28' 15"" N",4.754444,48.470833
Port Autonome de Marse,http://www.worldportsource.com/ports/FRA_Port_Autonome_de_Marse_4450.php,Small,Seaport,"5° 0' 12"" E","43° 23' 33"" N",5.003333,43.3925
Port of Le Chateau D'Oleron,http://www.worldportsource.com/ports/FRA_Port_of_Le_Chateau_D_Oleron_4449.php,Small,Harbor,"1° 11' 29"" W","45° 53' 1"" N",1.191389,45.883611
Port of Le Conquet,http://www.worldportsource.com/ports/FRA_Port_of_Le_Conquet_5547.php,Small,Harbor,"4° 46' 42"" W","48° 21' 42"" N",4.778333,48.361667
Port of Le Croisic,http://www.worldportsource.com/ports/FRA_Port_of_Le_Croisic_4916.php,Small,Harbor,"2° 30' 44"" W","47° 17' 45"" N",2.512222,47.295833
Port de Le Grau-du-Roi,http://www.worldportsource.com/ports/FRA_Port_de_Le_Grau_du_Roi_5578.php,Small,Harbor,"4° 7' 53"" E","43° 31' 2"" N",4.131389,43.517222
Port of Le Guildo,http://www.worldportsource.com/ports/FRA_Port_of_Le_Guildo_2738.php,Small,Harbor,"2° 12' 54"" W","48° 34' 25"" N",2.215,48.573611
Port of Le Lavandou,http://www.worldportsource.com/ports/FRA_Port_of_Le_Lavandou_5599.php,Small,Harbor,"6° 22' 26"" E","43° 8' 11"" N",6.373889,43.136389
Port of Le Palais,http://www.worldportsource.com/ports/FRA_Port_of_Le_Palais_5613.php,Small,Harbor,"3° 9' 18"" W","47° 20' 52"" N",3.155,47.347778
Le Pouliguen Marina,http://www.worldportsource.com/ports/FRA_Le_Pouliguen_Marina_4919.php,Small,Marina,"2° 25' 31"" W","47° 16' 42"" N",2.425278,47.278333
Port des Oursinieres au Pradet,http://www.worldportsource.com/ports/FRA_Port_des_Oursinieres_au_Pradet_5593.php,Small,Harbor,"6° 1' 9"" E","43° 5' 5"" N",6.019167,43.084722
Port of Le Treport,http://www.worldportsource.com/ports/FRA_Port_of_Le_Treport_2739.php,Small,Harbor,"1° 22' 36"" E","50° 3' 43"" N",1.376667,50.061944
Port of Le Verdon,http://www.worldportsource.com/ports/FRA_Port_of_Le_Verdon_4433.php,Small,Seaport,"1° 2' 43"" W","45° 32' 29"" N",1.045278,45.541389
Port of Les Issambres,http://www.worldportsource.com/ports/FRA_Port_of_Les_Issambres_5602.php,Small,Harbor,"6° 41' 9"" E","43° 20' 25"" N",6.685833,43.340278
Port of Les Sables d'Olonne,http://www.worldportsource.com/ports/FRA_Port_of_Les_Sables_d_Olonne_4453.php,Small,Harbor,"1° 47' 38"" W","46° 29' 48"" N",1.793889,46.496667
Port of Lesconil,http://www.worldportsource.com/ports/FRA_Port_of_Lesconil_4913.php,Small,Harbor,"4° 12' 47"" W","47° 47' 46"" N",4.213056,47.796111
Port of Lezardrieux,http://www.worldportsource.com/ports/FRA_Port_of_Lezardrieux_4900.php,Small,Harbor,"3° 6' 0"" W","48° 47' 9"" N",3.1,48.785833
Port of Libourne,http://www.worldportsource.com/ports/FRA_Port_of_Libourne_2740.php,Small,River Port,"0° 15' 2"" W","44° 54' 58"" N",0.250556,44.916111
Port de Lille,http://www.worldportsource.com/ports/FRA_Port_de_Lille_5023.php,Small,River Port,"3° 1' 22"" E","50° 37' 30"" N",3.022778,50.625
Port of Limay-Porcheville,http://www.worldportsource.com/ports/FRA_Port_of_Limay_Porcheville_2745.php,Small,River Port,"1° 44' 38"" E","48° 58' 32"" N",1.743889,48.975556
Port of Locquemeau,http://www.worldportsource.com/ports/FRA_Port_of_Locquemeau_4898.php,Small,Harbor,"3° 34' 35"" W","48° 43' 29"" N",3.576389,48.724722
Port of Loctudy,http://www.worldportsource.com/ports/FRA_Port_of_Loctudy_4454.php,Small,Harbor,"4° 10' 32"" W","47° 50' 11"" N",4.175556,47.836389
Port de Loguivy-de-la-mer,http://www.worldportsource.com/ports/FRA_Port_de_Loguivy_de_la_mer_4901.php,Small,Harbor,"3° 3' 35"" W","48° 49' 20"" N",3.059722,48.822222
Port of Lorient,http://www.worldportsource.com/ports/FRA_Port_of_Lorient_1235.php,Medium,Seaport,"3° 21' 12"" W","47° 44' 3"" N",3.353333,47.734167
Port of Luri,http://www.worldportsource.com/ports/FRA_Port_of_Luri_5646.php,Very Small,Harbor,"9° 28' 31"" E","42° 53' 16"" N",9.475278,42.887778
Port of Macinaggio,http://www.worldportsource.com/ports/FRA_Port_of_Macinaggio_5647.php,Small,Harbor,"9° 27' 16"" E","42° 57' 34"" N",9.454444,42.959444
Port de la Rague,http://www.worldportsource.com/ports/FRA_Port_de_la_Rague_5610.php,Small,Harbor,"6° 56' 20"" E","43° 30' 57"" N",6.938889,43.515833
Port de Mandelieu la Napoule,http://www.worldportsource.com/ports/FRA_Port_de_Mandelieu_la_Napoule_5611.php,Small,Harbor,"6° 56' 47"" E","43° 31' 28"" N",6.946389,43.524444
Port of Marans,http://www.worldportsource.com/ports/FRA_Port_of_Marans_2741.php,Small,River Port,"0° 59' 50"" W","46° 18' 46"" N",0.997222,46.312778
Port of Marseillan,http://www.worldportsource.com/ports/FRA_Port_of_Marseillan_5575.php,Small,Harbor,"3° 32' 4"" E","43° 21' 11"" N",3.534444,43.353056
Port de la Pointe Rouge,http://www.worldportsource.com/ports/FRA_Port_de_la_Pointe_Rouge_5585.php,Small,Harbor,"5° 21' 56"" E","43° 14' 37"" N",5.365556,43.243611
Port de Menton Garavan,http://www.worldportsource.com/ports/FRA_Port_de_Menton_Garavan_5633.php,Small,Harbor,"7° 31' 4"" E","43° 46' 58"" N",7.517778,43.782778
Port Municipal de Menton,http://www.worldportsource.com/ports/FRA_Port_Municipal_de_Menton_5634.php,Small,Harbor,"7° 30' 35"" E","43° 46' 34"" N",7.509722,43.776111
Port of Meschers-sur-Gironde,http://www.worldportsource.com/ports/FRA_Port_of_Meschers_sur_Gironde_5564.php,Small,Harbor,"0° 56' 41"" W","45° 33' 16"" N",0.944722,45.554444
Port Messery,http://www.worldportsource.com/ports/FRA_Port_Messery_5036.php,Very Small,"Pier, Jetty or Wharf","6° 16' 39"" E","46° 20' 59"" N",6.2775,46.349722
Port of Montereau,http://www.worldportsource.com/ports/FRA_Port_of_Montereau_2750.php,Small,River Port,"2° 57' 31"" E","48° 23' 19"" N",2.958611,48.388611
Port of Morgat,http://www.worldportsource.com/ports/FRA_Port_of_Morgat_5549.php,Small,Harbor,"4° 29' 48"" W","48° 13' 26"" N",4.496667,48.223889
Port of Morlaix,http://www.worldportsource.com/ports/FRA_Port_of_Morlaix_2742.php,Small,Harbor,"3° 50' 9"" W","48° 35' 7"" N",3.835833,48.585278
Port of Nanterre,http://www.worldportsource.com/ports/FRA_Port_of_Nanterre_4455.php,Small,River Port,"2° 11' 0"" E","48° 53' 59"" N",2.183333,48.899722
Port of Nice,http://www.worldportsource.com/ports/FRA_Port_of_Nice_2725.php,Small,Seaport,"7° 17' 13"" E","43° 41' 38"" N",7.286944,43.693889
Port of Herbaudiere,http://www.worldportsource.com/ports/FRA_Port_of_Herbaudiere_4920.php,Small,Harbor,"2° 17' 53"" W","47° 1' 32"" N",2.298056,47.025556
Port of Ouessant,http://www.worldportsource.com/ports/FRA_Port_of_Ouessant_5551.php,Very Small,Harbor,"5° 3' 17"" W","48° 28' 9"" N",5.054722,48.469167
Port of Paimboeuf,http://www.worldportsource.com/ports/FRA_Port_of_Paimboeuf_2743.php,Small,Seaport,"2° 1' 41"" W","47° 17' 19"" N",2.028056,47.288611
Port of Paimpol,http://www.worldportsource.com/ports/FRA_Port_of_Paimpol_2717.php,Small,Harbor,"3° 2' 34"" W","48° 47' 2"" N",3.042778,48.783889
Port of Palavas-les-Flots,http://www.worldportsource.com/ports/FRA_Port_of_Palavas_les_Flots_5576.php,Small,Harbor,"3° 55' 45"" E","43° 31' 41"" N",3.929167,43.528056
Port of Pauillac,http://www.worldportsource.com/ports/FRA_Port_of_Pauillac_4431.php,Small,Seaport,"0° 44' 38"" W","45° 12' 44"" N",0.743889,45.212222
Port of Penmarch,http://www.worldportsource.com/ports/FRA_Port_of_Penmarch_4914.php,Small,Harbor,"4° 22' 45"" W","47° 48' 52"" N",4.379167,47.814444
Port of Perros-Guirec,http://www.worldportsource.com/ports/FRA_Port_of_Perros_Guirec_5543.php,Small,Harbor,"3° 26' 26"" W","48° 48' 18"" N",3.440556,48.805
Port of Petit Couronne,http://www.worldportsource.com/ports/FRA_Port_of_Petit_Couronne_4456.php,Small,River Port,"1° 0' 32"" E","49° 22' 42"" N",1.008889,49.378333
Port of Pianottoli-Caldarello,http://www.worldportsource.com/ports/FRA_Port_of_Pianottoli_Caldarello_5639.php,Very Small,Harbor,"9° 4' 21"" E","41° 28' 30"" N",9.0725,41.475
Port of Pinarellu,http://www.worldportsource.com/ports/FRA_Port_of_Pinarellu_5643.php,Very Small,River Port,"9° 22' 34"" E","41° 40' 51"" N",9.376111,41.680833
Port of Piriac-sur-Mer,http://www.worldportsource.com/ports/FRA_Port_of_Piriac_sur_Mer_4917.php,Small,Marina,"2° 32' 37"" W","47° 22' 57"" N",2.543611,47.3825
Port of Pontrieux,http://www.worldportsource.com/ports/FRA_Port_of_Pontrieux_4899.php,Small,River Port,"3° 9' 1"" W","48° 42' 24"" N",3.150278,48.706667
Port of Pornic,http://www.worldportsource.com/ports/FRA_Port_of_Pornic_5556.php,Small,Harbor,"2° 6' 30"" W","47° 6' 39"" N",2.108333,47.110833
Pornichet Marina,http://www.worldportsource.com/ports/FRA_Pornichet_Marina_4918.php,Small,Marina,"2° 20' 48"" W","47° 15' 33"" N",2.346667,47.259167
Port of Pors-Even,http://www.worldportsource.com/ports/FRA_Port_of_Pors_Even_4902.php,Small,Harbor,"3° 0' 22"" W","48° 47' 58"" N",3.006111,48.799444
Port of Port de Bouc,http://www.worldportsource.com/ports/FRA_Port_of_Port_de_Bouc_4451.php,Small,Harbor,"4° 58' 52"" E","43° 24' 6"" N",4.981111,43.401667
Port of Port La Nouvelle,http://www.worldportsource.com/ports/FRA_Port_of_Port_La_Nouvelle_2728.php,Medium,Seaport,"3° 3' 17"" E","43° 1' 10"" N",3.054722,43.019444
Port Leucate,http://www.worldportsource.com/ports/FRA_Port_Leucate_5041.php,Small,Marina,"3° 2' 28"" E","42° 52' 3"" N",3.041111,42.8675
Port St Louis du Rhone,http://www.worldportsource.com/ports/FRA_Port_St_Louis_du_Rhone_4457.php,Medium,Seaport,"4° 49' 38"" E","43° 22' 59"" N",4.827222,43.383056
Port of Port Vendres,http://www.worldportsource.com/ports/FRA_Port_of_Port_Vendres_2754.php,Small,Harbor,"3° 6' 29"" E","42° 31' 10"" N",3.108056,42.519444
Marine de Porto,http://www.worldportsource.com/ports/FRA_Marine_de_Porto_5638.php,Very Small,Harbor,"8° 41' 39"" E","42° 16' 0"" N",8.694167,42.266667
Port of Porto Vecchio,http://www.worldportsource.com/ports/FRA_Port_of_Porto_Vecchio_2719.php,Small,Harbor,"9° 17' 26"" E","41° 35' 35"" N",9.290556,41.593056
Port of Propriano,http://www.worldportsource.com/ports/FRA_Port_of_Propriano_2720.php,Small,Harbor,"8° 54' 2"" E","41° 40' 37"" N",8.900556,41.676944
Port Haliguen,http://www.worldportsource.com/ports/FRA_Port_Haliguen_5030.php,Small,Harbor,"3° 6' 2"" W","47° 29' 14"" N",3.100556,47.487222
Port of Quimper,http://www.worldportsource.com/ports/FRA_Port_of_Quimper_2755.php,Small,River Port,"4° 6' 46"" W","47° 59' 22"" N",4.112778,47.989444
Port of Redon,http://www.worldportsource.com/ports/FRA_Port_of_Redon_4915.php,Small,River Port,"2° 5' 18"" W","47° 38' 46"" N",2.088333,47.646111
Port of Reims,http://www.worldportsource.com/ports/FRA_Port_of_Reims_5234.php,Small,River Port,"4° 1' 38"" E","49° 14' 52"" N",4.027222,49.247778
Port of Robine,http://www.worldportsource.com/ports/FRA_Port_of_Robine_4923.php,Very Small,River Port,"2° 56' 44"" E","43° 15' 40"" N",2.945556,43.261111
Port of Rochefort,http://www.worldportsource.com/ports/FRA_Port_of_Rochefort_2756.php,Small,River Port,"0° 57' 16"" W","45° 56' 57"" N",0.954444,45.949167
Port of Roscoff-Bloscon,http://www.worldportsource.com/ports/FRA_Port_of_Roscoff_Bloscon_2758.php,Small,Harbor,"3° 58' 39"" W","48° 43' 30"" N",3.9775,48.725
Port Roussillon,http://www.worldportsource.com/ports/FRA_Port_Roussillon_5034.php,Small,Harbor,"3° 2' 11"" E","42° 42' 13"" N",3.036389,42.703611
Port of Royan,http://www.worldportsource.com/ports/FRA_Port_of_Royan_5563.php,Small,Harbor,"1° 1' 45"" W","45° 37' 9"" N",1.029167,45.619167
Port of Saint Brieuc,http://www.worldportsource.com/ports/FRA_Port_of_Saint_Brieuc_4452.php,Small,Harbor,"2° 43' 53"" W","48° 31' 41"" N",2.731389,48.528056
Port Saint Goustan,http://www.worldportsource.com/ports/FRA_Port_Saint_Goustan_5035.php,Very Small,River Port,"2° 58' 41"" W","47° 39' 45"" N",2.978056,47.6625
Port de Saint Laurent du Var,http://www.worldportsource.com/ports/FRA_Port_de_Saint_Laurent_du_Var_5626.php,Small,Harbor,"7° 11' 0"" E","43° 39' 21"" N",7.183333,43.655833
Port Saint Suliac,http://www.worldportsource.com/ports/FRA_Port_Saint_Suliac_5047.php,Small,"Pier, Jetty or Wharf","1° 58' 38"" W","48° 34' 6"" N",1.977222,48.568333
Port of Saint Valery-en-Caux,http://www.worldportsource.com/ports/FRA_Port_of_Saint_Valery_en_Caux_2759.php,Small,Harbor,"0° 42' 42"" E","49° 52' 6"" N",0.711667,49.868333
Port of Saint Valery-sur-Somme,http://www.worldportsource.com/ports/FRA_Port_of_Saint_Valery_sur_Somme_2760.php,Small,Harbor,"1° 38' 43"" E","50° 10' 47"" N",1.645278,50.179722
Port of Saint-Aygulf,http://www.worldportsource.com/ports/FRA_Port_of_Saint_Aygulf_5603.php,Very Small,Harbor,"6° 43' 49"" E","43° 23' 31"" N",6.730278,43.391944
Port Saint-Briac,http://www.worldportsource.com/ports/FRA_Port_Saint_Briac_5044.php,Small,Harbor,"2° 8' 47"" W","48° 37' 24"" N",2.146389,48.623333
Port of Saint-Cast,http://www.worldportsource.com/ports/FRA_Port_of_Saint_Cast_4908.php,Small,Harbor,"2° 14' 45"" W","48° 38' 23"" N",2.245833,48.639722
Port of Saint-Chamas,http://www.worldportsource.com/ports/FRA_Port_of_Saint_Chamas_5582.php,Small,Harbor,"5° 1' 56"" E","43° 32' 39"" N",5.032222,43.544167
Port of Saint-Cyprien,http://www.worldportsource.com/ports/FRA_Port_of_Saint_Cyprien_5570.php,Small,Harbor,"3° 2' 17"" E","42° 36' 57"" N",3.038056,42.615833
Port of Saint-Cyr-sur-Mer,http://www.worldportsource.com/ports/FRA_Port_of_Saint_Cyr_sur_Mer_5587.php,Small,Harbor,"5° 40' 55"" E","43° 10' 44"" N",5.681944,43.178889
Port of Saint-Denis-d'Oleron,http://www.worldportsource.com/ports/FRA_Port_of_Saint_Denis_d_Oleron_5561.php,Small,Harbor,"1° 22' 12"" W","46° 2' 10"" N",1.37,46.036111
Port of Saint-Florent,http://www.worldportsource.com/ports/FRA_Port_of_Saint_Florent_5635.php,Small,Harbor,"9° 18' 1"" E","42° 40' 41"" N",9.300278,42.678056
Port de Saint-Jean-Cap-Ferrat,http://www.worldportsource.com/ports/FRA_Port_de_Saint_Jean_Cap_Ferrat_5628.php,Small,Harbor,"7° 20' 7"" E","43° 41' 23"" N",7.335278,43.689722
Port of Saint-Jean-de-Luz,http://www.worldportsource.com/ports/FRA_Port_of_Saint_Jean_de_Luz_5566.php,Small,Harbor,"1° 39' 55"" W","43° 23' 7"" N",1.665278,43.385278
Port of Saint-Malo,http://www.worldportsource.com/ports/FRA_Port_of_Saint_Malo_1238.php,Small,Harbor,"2° 1' 35"" W","48° 38' 40"" N",2.026389,48.644444
Port of Saint-Mandrier-sur-Mer,http://www.worldportsource.com/ports/FRA_Port_of_Saint_Mandrier_sur_Mer_5592.php,Small,Harbor,"5° 54' 59"" E","43° 4' 45"" N",5.916389,43.079167
Port of Saint-Martin-de-Re,http://www.worldportsource.com/ports/FRA_Port_of_Saint_Martin_de_Re_5560.php,Small,Harbor,"1° 22' 1"" W","46° 12' 22"" N",1.366944,46.206111
Port of Saint-Ouen-l'Aumone,http://www.worldportsource.com/ports/FRA_Port_of_Saint_Ouen_l_Aumone_2748.php,Small,River Port,"2° 5' 56"" E","49° 2' 39"" N",2.098889,49.044167
Port of Saint-Quay-Portrieux,http://www.worldportsource.com/ports/FRA_Port_of_Saint_Quay_Portrieux_4904.php,Small,Harbor,"2° 49' 17"" W","48° 38' 45"" N",2.821389,48.645833
Le Port de Boulouris,http://www.worldportsource.com/ports/FRA_Le_Port_de_Boulouris_5606.php,Very Small,Harbor,"6° 48' 25"" E","43° 24' 48"" N",6.806944,43.413333
Le Port d’Agay,http://www.worldportsource.com/ports/FRA_Le_Port_d__Agay_5607.php,Very Small,Harbor,"6° 51' 25"" E","43° 25' 49"" N",6.856944,43.430278
Port of Saint-Raphael,http://www.worldportsource.com/ports/FRA_Port_of_Saint_Raphael_4945.php,Small,Harbor,"6° 46' 44"" E","43° 24' 47"" N",6.778889,43.413056
Vieux Port,http://www.worldportsource.com/ports/FRA_Vieux_Port_5605.php,Very Small,Harbor,"6° 45' 53"" E","43° 25' 24"" N",6.764722,43.423333
Saint-Tropez Harbor,http://www.worldportsource.com/ports/FRA_Saint_Tropez_Harbor_4943.php,Small,Harbor,"6° 38' 0"" E","43° 16' 14"" N",6.633333,43.270556
Port of Sainte Evette,http://www.worldportsource.com/ports/FRA_Port_of_Sainte_Evette_5553.php,Small,Harbor,"4° 33' 16"" W","48° 0' 24"" N",4.554444,48.006667
Port Sainte-Marine,http://www.worldportsource.com/ports/FRA_Port_Sainte_Marine_5046.php,Small,Harbor,"4° 7' 13"" W","47° 52' 28"" N",4.120278,47.874444
Sainte-Maxime Harbor,http://www.worldportsource.com/ports/FRA_Sainte_Maxime_Harbor_4944.php,Small,Harbor,"6° 38' 24"" E","43° 18' 24"" N",6.64,43.306667
Port of Saintes-Maries-de-la-Mer,http://www.worldportsource.com/ports/FRA_Port_of_Saintes_Maries_de_la_Mer_5579.php,Small,Harbor,"4° 25' 23"" E","43° 26' 56"" N",4.423056,43.448889
Port of San Ciprianu,http://www.worldportsource.com/ports/FRA_Port_of_San_Ciprianu_5642.php,Very Small,"Pier, Jetty or Wharf","9° 21' 0"" E","41° 38' 8"" N",9.35,41.635556
Port of Sanary-sur-Mer,http://www.worldportsource.com/ports/FRA_Port_of_Sanary_sur_Mer_5589.php,Small,Harbor,"5° 48' 3"" E","43° 6' 58"" N",5.800833,43.116111
Port de Santa Giulia,http://www.worldportsource.com/ports/FRA_Port_de_Santa_Giulia_5641.php,Very Small,"Pier, Jetty or Wharf","9° 16' 40"" E","41° 31' 46"" N",9.277778,41.529444
Port de Taverna,http://www.worldportsource.com/ports/FRA_Port_de_Taverna_5645.php,Very Small,Harbor,"9° 32' 26"" E","42° 20' 22"" N",9.540556,42.339444
Port of Sari-Solenzara,http://www.worldportsource.com/ports/FRA_Port_of_Sari_Solenzara_5644.php,Very Small,Harbor,"9° 24' 12"" E","41° 51' 27"" N",9.403333,41.8575
Port of Sausset-les-Pins,http://www.worldportsource.com/ports/FRA_Port_of_Sausset_les_Pins_5581.php,Small,Harbor,"5° 6' 29"" E","43° 19' 47"" N",5.108056,43.329722
Port of Sauzon,http://www.worldportsource.com/ports/FRA_Port_of_Sauzon_5612.php,Small,Harbor,"3° 13' 5"" W","47° 22' 21"" N",3.218056,47.3725
Port of Sete,http://www.worldportsource.com/ports/FRA_Port_of_Sete_1239.php,Medium,Seaport,"3° 42' 58"" E","43° 24' 17"" N",3.716111,43.404722
Port of Six-Fours-les-Plages,http://www.worldportsource.com/ports/FRA_Port_of_Six_Fours_les_Plages_5590.php,Small,Harbor,"5° 48' 41"" E","43° 5' 46"" N",5.811389,43.096111
Port Soubise Marina,http://www.worldportsource.com/ports/FRA_Port_Soubise_Marina_5040.php,Very Small,River Port,"1° 0' 23"" W","45° 55' 47"" N",1.006389,45.929722
Port of St-Gilles-Croix-de-Vie,http://www.worldportsource.com/ports/FRA_Port_of_St_Gilles_Croix_de_Vie_4921.php,Small,Harbor,"1° 56' 37"" W","46° 41' 41"" N",1.943611,46.694722
Port of Strasbourg,http://www.worldportsource.com/ports/FRA_Port_of_Strasbourg_2761.php,Medium,River Port,"7° 47' 43"" E","48° 33' 16"" N",7.795278,48.554444
Port de la Figueirette,http://www.worldportsource.com/ports/FRA_Port_de_la_Figueirette_5608.php,Very Small,Harbor,"6° 56' 2"" E","43° 29' 1"" N",6.933889,43.483611
Port of Theoule-sur-Mer,http://www.worldportsource.com/ports/FRA_Port_of_Theoule_sur_Mer_5609.php,Very Small,Harbor,"6° 56' 21"" E","43° 30' 29"" N",6.939167,43.508056
Port of Tonnay-Charente,http://www.worldportsource.com/ports/FRA_Port_of_Tonnay_Charente_2757.php,Small,River Port,"0° 53' 31"" W","45° 56' 32"" N",0.891944,45.942222
Port of Toulon La Seyne,http://www.worldportsource.com/ports/FRA_Port_of_Toulon_La_Seyne_2018.php,Medium,Seaport,"5° 54' 27"" E","43° 6' 38"" N",5.9075,43.110556
Port of Trebeurden,http://www.worldportsource.com/ports/FRA_Port_of_Trebeurden_5544.php,Small,Harbor,"3° 35' 10"" W","48° 46' 14"" N",3.586111,48.770556
Port of Treguier,http://www.worldportsource.com/ports/FRA_Port_of_Treguier_1240.php,Small,River Port,"3° 13' 20"" W","48° 47' 9"" N",3.222222,48.785833
Port of Ushant,http://www.worldportsource.com/ports/FRA_Port_of_Ushant_5552.php,Very Small,Harbor,"5° 5' 49"" W","48° 27' 14"" N",5.096944,48.453889
Port de l'Eperviere,http://www.worldportsource.com/ports/FRA_Port_de_l_Eperviere_5045.php,Small,Marina,"4° 52' 24"" E","44° 54' 49"" N",4.873333,44.913611
Port of Valras-Plage,http://www.worldportsource.com/ports/FRA_Port_of_Valras_Plage_5573.php,Small,Harbor,"3° 17' 53"" E","43° 15' 6"" N",3.298056,43.251667
Port of Vannes,http://www.worldportsource.com/ports/FRA_Port_of_Vannes_2762.php,Small,Harbor,"2° 45' 29"" W","47° 38' 48"" N",2.758056,47.646667
Port de Villefranche Darse,http://www.worldportsource.com/ports/FRA_Port_de_Villefranche_Darse_2727.php,Small,Harbor,"7° 18' 29"" E","43° 41' 54"" N",7.308056,43.698333
Port Health,http://www.worldportsource.com/ports/FRA_Port_Health_5627.php,Very Small,Harbor,"7° 18' 44"" E","43° 42' 9"" N",7.312222,43.7025
Marina de Villeneuve-Loubet,http://www.worldportsource.com/ports/FRA_Marina_de_Villeneuve_Loubet_5625.php,Small,Harbor,"7° 8' 18"" E","43° 38' 4"" N",7.138333,43.634444
